0,1
qudsi,6369
xenia,6377
xenon,6377
xilem,6377
xilol,6377
quran,6381
qasar,6393
votum,6715
zelot,6728
vodka,6742
zigot,6746
venus,6748
zenit,6778
velum,6782
vonis,6782
video,6784
zuhud,6786
vespa,6787
zebra,6789
vakum,6796
veste,6802
virgo,6803
verba,6804
zuhur,6805
visum,6806
venal,6814
vokal,6820
zohal,6820
virus,6823
veter,6824
ziter,6826
verso,6832
virga,6832
vista,6840
versi,6844
vital,6852
vinil,6854
visus,6858
zikir,6876
vigia,6880
velar,6892
viola,6896
zakum,6896
zabur,6914
valid,6921
valis,6954
zabib,6958
zahid,6964
vulva,6969
zirah,6979
varia,6987
zalir,6995
zalim,6996
zatua,7009
vasal,7019
zuama,7021
zamin,7027
zawal,7027
zadah,7040
zakat,7041
valas,7049
zakar,7073
zabah,7089
zaman,7156
zarah,7163
fyord,7413
fovea,7492
floem,7508
felon,7526
fonem,7536
fenol,7540
fungi,7548
fujur,7574
ferum,7591
fluks,7597
fokus,7600
forum,7614
fetus,7620
fetor,7638
freon,7644
fobia,7662
fenit,7664
fiber,7668
front,7677
fulus,7690
flora,7692
forte,7692
figur,7695
folio,7695
fider,7700
fonik,7701
fonon,7710
feses,7715
foton,7716
filum,7732
fonis,7742
fetis,7743
fabel,7745
futur,7760
fosil,7763
furuk,7781
faden,7785
fagot,7785
feral,7800
fusuk,7819
fusta,7826
yogia,7847
fiton,7857
fikus,7884
fidah,7935
fatom,7952
wujud,7960
fikli,7963
wungu,7968
yuris,7970
firma,7972
fardu,7975
faset,8004
fadil,8009
farji,8034
final,8046
fatur,8048
wijen,8057
windu,8073
wuduk,8101
fikih,8105
wukuf,8108
yahwe,8112
fiksi,8115
fatwa,8118
fitri,8120
fauna,8121
finir,8130
weduk,8135
wisnu,8144
weton,8154
yunda,8155
fakih,8165
wregu,8171
finis,8173
faksi,8181
yokal,8185
wuker,8200
wijik,8202
fajar,8203
welut,8209
yunta,8215
fasid,8218
fatri,8219
yatim,8228
fakir,8238
fasih,8242
fakta,8253
falaj,8256
welit,8261
fatir,8271
yasti,8284
fisik,8286
farik,8288
fasik,8296
wiski,8302
wisma,8308
frasa,8315
falah,8318
werst,8324
wedel,8331
werit,8332
yahud,8342
yaitu,8343
wilis,8345
falak,8362
wirid,8379
wisik,8380
witir,8398
yakis,8411
fatah,8419
wesel,8423
fasad,8425
fasis,8431
fatal,8433
wekel,8440
wulan,8441
wedam,8442
fisis,8446
farad,8455
wreda,8470
yakin,8474
weker,8490
farak,8530
werek,8534
yakni,8535
yakut,8536
wayuh,8543
wagon,8544
wedar,8566
fasia,8579
yakun,8626
wahyu,8627
wajib,8632
welas,8643
wisal,8644
wazir,8647
faali,8663
waduh,8685
wajik,8704
waduk,8705
wangi,8714
werak,8729
wrang,8730
yaksa,8756
wahib,8780
waluh,8791
wakun,8800
wahid,8809
warok,8814
waktu,8871
waleh,8892
wardi,8895
wakil,8905
jodoh,8910
walet,8928
jompo,8941
wasit,8947
warid,8954
yasan,8993
waris,9008
joglo,9018
jotos,9040
joget,9064
jomlo,9091
wanda,9131
waima,9138
jedot,9173
warga,9204
jolor,9230
jolok,9239
wafak,9266
jorok,9284
wafat,9293
wajan,9317
josna,9320
wajah,9320
wabah,9344
jebol,9345
jolek,9347
wadam,9352
warna,9352
jebor,9373
jumbo,9382
wajar,9386
warsa,9390
jipro,9410
joule,9410
judes,9411
warta,9418
jegil,9438
waria,9442
wadah,9453
wadal,9465
wadak,9468
jepit,9470
jitok,9471
waham,9472
jeput,9478
wakaf,9484
judek,9490
wadat,9491
jingo,9498
jepun,9503
jogar,9511
jogan,9519
jidur,9529
jeksi,9552
jebuh,9555
walau,9558
walad,9559
jobak,9590
jetis,9594
wahai,9614
jreng,9619
jewer,9621
jingu,9621
wasak,9621
walak,9631
walah,9633
wasal,9637
jubel,9640
jibun,9651
jebur,9659
jemur,9659
johan,9661
jepet,9662
jubin,9663
watan,9665
jelus,9671
jelih,9674
jumpa,9680
jibti,9688
watak,9689
jiwit,9692
jenis,9695
jelum,9697
jemba,9697
wahah,9703
jelit,9713
watas,9713
jenuh,9728
jelut,9735
jicap,9736
jolak,9745
warak,9746
jisim,9747
jinem,9754
waras,9754
jelir,9761
jeluk,9761
jerih,9762
judul,9769
jerit,9795
jirus,9797
julir,9807
jumud,9818
juris,9820
jerum,9827
jelma,9854
joran,9855
jerun,9887
jurit,9891
jegal,9892
jeruk,9894
joang,9895
jurik,9907
jilid,9909
jiwat,9912
jidat,9942
jerba,9951
juhut,9976
jeket,9984
jebah,10002
jelek,10006
jidar,10011
codot,10018
jemah,10022
jebat,10023
junta,10045
juluk,10053
jukut,10060
jebak,10064
jihad,10068
comro,10078
jubah,10088
junub,10089
comot,10095
jebab,10100
jebar,10111
cowok,10118
jebai,10120
jelas,10125
congo,10126
jumat,10127
comor,10132
juita,10133
julur,10143
codet,10159
jimat,10163
jelah,10170
jurus,10174
jimak,10197
jihat,10198
jawer,10204
julab,10213
juruh,10222
jerap,10224
jawil,10234
jaduk,10235
jitah,10237
jampi,10238
jelak,10242
julat,10250
jenat,10251
cogah,10257
comel,10258
jilah,10265
jilam,10267
copot,10271
jitak,10273
jelar,10280
jambe,10281
jilat,10283
jasus,10285
cogok,10289
jelau,10293
jenak,10296
jerah,10296
jeram,10299
jambu,10303
jelai,10305
jerat,10308
junam,10316
cungo,10332
jagur,10334
junun,10334
colot,10347
julai,10348
corob,10351
cinde,10353
cumbu,10370
jeran,10373
jaksi,10381
cogan,10390
jirat,10401
cubit,10410
japin,10411
jamis,10416
cumil,10419
corot,10420
coban,10421
jerau,10433
jirak,10435
ciduk,10439
comek,10446
copet,10453
jinak,10457
juang,10467
codak,10470
jiran,10476
cipok,10480
conet,10481
cobek,10487
cinda,10489
jahul,10504
cebis,10511
cotok,10520
jojol,10522
jabir,10524
jurai,10525
colet,10526
jatuh,10526
jamil,10529
jamik,10533
cebol,10535
jahit,10535
jahil,10539
cihui,10542
cilok,10548
jamur,10551
colok,10561
jaket,10570
cibuk,10572
jamin,10576
cibit,10579
culim,10597
coret,10607
cengi,10609
cedok,10618
cotet,10622
cawis,10625
cibir,10630
cipta,10633
jakun,10634
cebil,10659
jarem,10665
jalur,10670
cinta,10673
cebir,10688
jalin,10693
citra,10714
jarum,10727
cebok,10741
colek,10749
jarit,10749
coang,10751
cepol,10753
cugat,10757
janur,10763
cebur,10781
jagra,10788
janik,10796
jalil,10798
cetus,10801
celis,10802
cempa,10808
jauza,10811
ceduk,10818
cigak,10826
corek,10827
celih,10832
jaksa,10834
cuman,10843
cebik,10851
janda,10851
cadok,10853
ceguk,10855
jarwa,10860
cupet,10865
cutel,10869
cirit,10870
cokol,10873
cegah,10876
jazam,10878
culik,10896
cemas,10897
cempe,10902
cerih,10902
celus,10903
caguh,10909
cemuk,10918
cagil,10933
candi,10939
celum,10949
corak,10949
culas,10954
cedal,10955
jawab,10956
curik,10957
cetok,10958
candu,10961
cipan,10966
cabuh,10969
cegat,10970
curna,10970
camil,10993
jawat,10995
cilap,10996
cagut,10997
jasad,11002
cunam,11014
cerpu,11021
coket,11025
jadam,11032
cunia,11034
janin,11035
ceruh,11036
cemat,11041
calon,11042
jadah,11046
ceban,11048
cagun,11057
cegar,11060
cabut,11061
celup,11065
cupul,11068
cabir,11069
cadik,11069
cikut,11081
cadel,11082
cilik,11086
jagat,11086
cabul,11092
celur,11104
culun,11108
cikun,11110
cemeh,11119
culan,11128
caduk,11134
cukit,11134
cerun,11135
cemar,11136
cerut,11136
jagal,11136
cerup,11143
curah,11143
camur,11145
cupar,11146
cabur,11151
curam,11160
celik,11162
cukin,11163
cupai,11180
cukil,11182
cokar,11192
cerna,11209
cegak,11216
celas,11219
cepuk,11222
cabik,11223
cutak,11230
curat,11235
capit,11238
japan,11238
cikok,11240
cuang,11244
caing,11245
cewek,11251
calit,11252
cipai,11258
camuk,11268
celah,11271
celuk,11278
capil,11279
juara,11290
cabuk,11293
honji,11294
jabat,11307
cebak,11309
cekih,11313
cupak,11318
calir,11319
cemer,11325
culak,11338
cepat,11339
catur,11340
curai,11348
jabal,11351
ceria,11352
cokok,11353
caung,11358
cetai,11363
canda,11365
ceruk,11366
jalad,11367
cetar,11374
celat,11375
campa,11380
cepal,11382
jamah,11390
catut,11395
cerah,11404
cekit,11421
wawas,11421
cekuh,11426
jahat,11431
jakas,11431
jamak,11432
jamal,11435
jatah,11435
celar,11452
calui,11466
catuk,11469
cadas,11476
capik,11485
carut,11493
honor,11499
cikal,11505
cawat,11507
cerat,11510
jahan,11514
cenak,11516
cemek,11517
cerap,11526
cetak,11527
jahar,11533
cekut,11539
cikar,11547
cawan,11551
cokek,11553
ceuki,11567
capuk,11570
jalak,11570
cekup,11575
jakal,11578
caluk,11579
jaras,11582
dohyo,11590
cerai,11592
hosti,11613
cepak,11615
cukup,11616
carik,11619
cekur,11621
jalan,11628
ceper,11632
ceter,11633
jalar,11639
celak,11640
caren,11647
catek,11648
cukur,11656
cawai,11660
celep,11664
jarab,11665
cerau,11667
janah,11670
janat,11683
cakus,11695
caima,11696
jaram,11699
jarah,11705
caruk,11731
capek,11753
jarak,11753
cukai,11756
ceret,11759
cadar,11762
cerak,11776
hotel,11779
jalal,11786
cawak,11791
cadai,11798
camat,11800
jaran,11808
cekah,11813
jejer,11819
cakil,11820
gowok,11823
cetek,11828
cekam,11833
gocoh,11835
cekok,11848
cepek,11859
gojek,11864
cagar,11866
cahar,11872
jujuh,11889
jijit,11895
cakup,11909
henry,11911
jijik,11913
gocek,11914
cekat,11928
camar,11942
celek,11950
cabar,11952
cekik,11952
gopoh,11955
jujut,11961
dogol,11965
gosip,11968
jejap,11971
cekal,11982
cabai,11983
jejas,11997
dowel,12009
henti,12010
camau,12018
dopis,12023
golbi,12024
capah,12025
godot,12025
godek,12026
cagak,12028
cabau,12034
gohok,12035
gejos,12039
cerek,12050
godok,12064
gotik,12072
gopek,12075
cekuk,12088
cincu,12092
doble,12094
domot,12094
dobol,12099
dogma,12107
guyon,12107
dower,12110
cakep,12112
cekau,12113
himne,12113
jujur,12113
hibob,12118
gobek,12120
gobet,12120
dohok,12125
cabak,12132
humor,12132
hujin,12138
horor,12157
hertz,12163
globe,12164
gitok,12166
dogel,12167
gudik,12171
catat,12193
duplo,12194
capal,12196
jejal,12197
gipsi,12200
goyah,12202
diplo,12208
jejak,12209
gotri,12219
carah,12232
gedok,12237
dorbi,12238
calar,12241
jujah,12245
gedik,12246
hindi,12253
caram,12260
doger,12264
capar,12265
gosok,12269
himen,12269
domba,12270
donto,12277
goyak,12283
hidup,12286
gebos,12289
gotes,12296
gepok,12298
gocap,12303
gubit,12305
cekel,12314
dolok,12315
janji,12315
canai,12317
gidik,12320
gebok,12324
gebot,12324
cocol,12325
capai,12330
dobel,12334
gemik,12340
ceker,12352
gecul,12352
gedor,12365
gepit,12372
cocor,12373
gotun,12386
gusti,12386
caran,12387
humin,12391
hibuk,12393
canak,12400
cakra,12401
jujai,12417
godam,12422
calak,12435
dokoh,12437
dosir,12440
digul,12443
doyak,12465
gepuk,12465
godak,12468
capak,12477
honae,12479
gutik,12483
doyan,12486
gebuk,12491
gemuk,12495
golek,12496
gites,12499
golok,12501
guyub,12513
hibur,12515
duwet,12519
gumba,12521
goroh,12552
gurdi,12552
cekak,12554
gubel,12555
getok,12559
dingo,12565
gesit,12589
gemul,12592
dosis,12599
gempa,12599
gobak,12604
depot,12606
getik,12611
duble,12612
decup,12627
cakah,12630
griya,12631
decit,12632
getol,12633
gincu,12633
getis,12635
goler,12643
druwe,12652
donor,12653
dosen,12658
decut,12660
carak,12662
gores,12663
gorek,12679
gorok,12686
hufaz,12687
cocok,12695
gisik,12703
gusel,12705
gitik,12707
germo,12710
getil,12723
huler,12731
getuk,12740
guyur,12740
hirup,12747
gibah,12749
hewan,12756
hipui,12761
gejah,12763
hiruk,12774
gurih,12780
decur,12792
degup,12792
getir,12797
gecek,12807
gobar,12808
degum,12810
degil,12811
geluh,12811
hunus,12811
gulir,12814
gelup,12835
gumuk,12836
gunci,12837
duyun,12839
disko,12844
gurik,12847
digit,12850
cakap,12853
gisil,12855
gilik,12856
demon,12866
gerih,12893
horas,12901
geluk,12902
gurit,12902
geros,12905
gerip,12909
gubuk,12909
gerim,12911
gundi,12913
gulma,12915
cakar,12920
gokar,12921
durno,12922
derji,12923
hudud,12928
hukum,12929
debug,12941
gelut,12943
gumul,12943
dolar,12951
cekek,12956
gedek,12959
dorna,12961
durja,12963
gerik,12965
dubes,12970
golak,12971
hiena,12976
debit,12993
debup,12993
heboh,12997
gecer,13000
getun,13000
dolan,13002
deguk,13003
debum,13012
genom,13016
dikte,13021
humus,13021
gacok,13022
gajih,13026
herba,13027
detup,13028
gerit,13030
debut,13033
geruh,13034
debil,13035
dimer,13038
gerup,13048
dungu,13051
girik,13054
gebah,13055
gubah,13058
depus,13066
dusin,13069
cicit,13070
huruf,13071
cicip,13076
gilir,13079
diler,13082
hujan,13085
gosan,13094
dusta,13095
mochi,13097
gutuk,13099
dengu,13104
gecar,13112
depun,13113
gerda,13118
debus,13124
gerus,13124
gorap,13126
dirus,13131
gemah,13133
cicil,13138
hijab,13146
heban,13148
gusul,13149
gemap,13151
giris,13151
cerca,13158
dugal,13160
gerut,13161
detus,13163
gayuh,13167
gulud,13178
debur,13179
hujat,13181
hinap,13182
debun,13185
genis,13185
gerha,13186
debik,13188
genit,13191
hujaj,13191
donat,13196
gemak,13201
detik,13202
gesek,13210
gilap,13216
gemas,13218
gumun,13221
demik,13222
debuk,13223
gusah,13223
geber,13227
gayuk,13231
dugas,13243
dulur,13243
hebat,13244
gawir,13247
gumal,13253
gumam,13254
cucuh,13255
desih,13256
gusur,13257
gubal,13260
hemat,13266
denok,13268
dubur,13269
durma,13269
bodhi,13275
deceh,13280
gayut,13281
desup,13283
hilir,13284
delik,13286
desit,13296
delta,13300
gadis,13300
gitar,13303
gulut,13306
gajus,13307
dubuk,13310
gundu,13310
dulag,13314
decap,13315
gisar,13318
dekor,13321
desil,13322
desut,13325
gilas,13337
hijau,13338
dokar,13343
gesel,13344
getah,13346
cecok,13347
gemal,13347
hepar,13351
gafur,13353
gaduh,13358
genus,13359
camca,13360
hafiz,13362
gebar,13365
getap,13369
getek,13374
hutan,13376
human,13387
gajul,13396
gamik,13407
gapit,13409
gerun,13411
denim,13413
derit,13413
diksi,13417
hibat,13419
girah,13424
derup,13427
gadon,13432
gonad,13432
gaduk,13434
gemar,13434
getas,13439
guruh,13440
dayuh,13441
duren,13441
derum,13443
geser,13443
cucut,13445
opium,13448
gulah,13453
desir,13461
dupak,13461
direk,13462
doang,13464
gabor,13465
gamit,13468
desur,13471
cucup,13475
hitam,13477
gamis,13478
degap,13480
mofet,13482
cicik,13484
cakak,13491
dipan,13491
gapil,13491
desik,13493
gurub,13495
cucun,13503
desuk,13503
gulam,13509
humas,13515
bopok,13520
gapuk,13521
geman,13522
diska,13525
guruk,13526
hudai,13526
dabol,13532
dayus,13535
degam,13535
dilam,13540
gamuh,13542
gusar,13543
deris,13544
hisab,13544
hulul,13545
dekut,13546
dekil,13547
bongo,13553
bodoh,13555
derus,13556
dewan,13561
dukuh,13561
huria,13561
decak,13562
gelek,13567
genta,13568
giras,13569
gaple,13571
diksa,13573
gelap,13574
helat,13581
heran,13583
cucur,13585
gabro,13585
gulat,13585
dusun,13601
gelam,13607
dikit,13608
gelak,13608
gudeg,13609
gabuk,13610
mogok,13610
gayun,13614
derik,13617
dehem,13619
dayuk,13620
duhai,13620
himar,13624
deruk,13626
giral,13630
mohon,13630
gabir,13639
gabus,13642
gelas,13644
dekus,13646
bogem,13647
bomoh,13649
desis,13660
modus,13662
getar,13664
desus,13670
bocor,13671
blong,13678
derma,13693
hanif,13693
degar,13696
gereh,13697
gatot,13701
omzet,13703
bocok,13706
gulai,13706
dilak,13707
diris,13707
gamet,13707
degen,13716
debap,13721
modul,13722
cecah,13723
deham,13723
hulam,13725
gurah,13726
bogot,13728
debah,13730
mohor,13734
ovasi,13734
degan,13736
hantu,13738
modin,13740
modis,13743
detap,13744
bogol,13746
datif,13750
dawet,13750
debat,13756
mopit,13757
guram,13759
dacin,13763
grasi,13774
motif,13776
debam,13778
gurab,13779
geler,13781
helai,13785
galih,13787
cacil,13789
debet,13793
demap,13795
gerek,13795
dukun,13799
gerah,13801
dunia,13802
demah,13810
genre,13811
durat,13815
gatuk,13822
hirap,13822
hajib,13825
mobil,13832
galib,13833
gardu,13837
bodor,13838
hajim,13839
bogel,13842
bogor,13842
geram,13843
delap,13846
delah,13847
depap,13847
borci,13850
gelar,13850
gerak,13853
glans,13855
gurat,13857
bodok,13858
geret,13858
delat,13864
debas,13866
cucuk,13871
hajis,13871
hamdu,13876
dukat,13885
mufti,13887
detas,13891
depan,13900
darji,13901
dirah,13908
datum,13909
dunah,13912
bewok,13914
garpu,13915
demes,13916
ganco,13917
bonto,13919
depak,13924
dagel,13932
gerat,13937
ongji,13937
model,13940
deksa,13946
gurun,13946
debar,13950
detar,13952
hilau,13955
galuh,13957
cecap,13965
ofset,13965
dabit,13969
hatif,13973
genah,13975
bozah,13976
demen,13978
delas,13985
dapur,13987
dabih,13989
debak,13990
detak,14003
ponco,14005
galon,14006
boson,14007
obrus,14012
bonus,14017
dabus,14019
genap,14023
dekik,14027
bincu,14034
obyek,14034
gerai,14037
hapus,14047
bordu,14048
demek,14048
desah,14049
dalih,14056
hokah,14059
objek,14059
hirau,14061
bosun,14064
hamun,14065
habuk,14069
hadis,14072
pojok,14073
ceceh,14077
demam,14079
delan,14082
garib,14083
botoh,14084
cecar,14085
gurur,14086
gandi,14088
deler,14090
galir,14090
dukan,14099
datuk,14105
motor,14107
hamud,14112
dunak,14113
pohon,14114
oliva,14115
bonet,14129
gerau,14144
habis,14148
benci,14149
gancu,14154
molos,14162
hamik,14164
dinar,14166
hanya,14169
bunyi,14171
hadir,14171
garit,14174
hakim,14182
bendo,14184
garis,14184
dabir,14185
halte,14185
hasud,14189
dakon,14191
bindu,14193
bosor,14195
bocah,14197
boyas,14197
dabik,14201
munci,14204
bison,14206
hilal,14206
hasid,14210
bolos,14211
dikau,14212
hasut,14217
dange,14218
gandu,14225
derap,14235
hasib,14238
monel,14239
denah,14246
bokop,14254
boleh,14256
diang,14259
galur,14259
derep,14260
moron,14262
damik,14263
bedol,14265
molor,14266
plong,14268
hamil,14272
desar,14274
deret,14278
mojah,14281
cuaca,14283
botol,14285
bufet,14285
motel,14285
dalem,14288
deram,14291
dalil,14292
habib,14292
bolot,14293
boksu,14298
jajah,14298
opsin,14298
garuk,14302
dekah,14305
derel,14306
desak,14306
pivot,14308
harbi,14310
dekap,14322
opsir,14323
bendi,14328
desau,14333
ganti,14345
pocok,14345
moril,14348
bupet,14352
dekat,14353
ganih,14356
medok,14359
boyak,14365
dekam,14372
garut,14372
jajal,14374
bihun,14376
hasil,14376
mecis,14376
bengu,14378
bufer,14382
jajak,14382
mitos,14383
deras,14385
cecak,14387
bokoh,14389
bokca,14390
botor,14390
moles,14391
bogam,14393
bidet,14400
deres,14405
becus,14411
muhib,14414
botok,14417
meong,14420
bijih,14421
opini,14429
dasun,14435
garwa,14441
graha,14444
damen,14448
boreh,14450
optis,14451
harem,14452
bendu,14457
halus,14457
cecer,14461
boron,14462
halim,14467
gajah,14472
molek,14472
minor,14473
deran,14474
boros,14481
mengi,14482
derak,14484
gamma,14484
gayam,14484
moler,14487
mudik,14489
bugil,14490
gurau,14490
mihun,14491
danuh,14494
muhit,14495
guano,14496
jajan,14496
denak,14504
gazal,14504
mores,14506
jajar,14510
duafa,14511
dasin,14513
daing,14515
gawat,14516
haiku,14517
gajak,14519
bujet,14520
derau,14524
opmak,14530
ombak,14534
dekar,14541
benih,14542
biduk,14545
bedil,14548
dekan,14548
derai,14553
mendu,14553
harum,14554
gayat,14559
heiho,14559
omega,14563
bidur,14564
duaja,14567
denai,14572
harus,14575
becuk,14582
harit,14585
garda,14599
medio,14606
besot,14609
moksa,14612
damba,14616
haris,14617
oplah,14618
ponor,14619
gawal,14620
poces,14621
pundi,14630
meson,14632
grogi,14633
ponil,14634
darun,14637
orbit,14638
optik,14639
medit,14646
beloh,14650
porno,14655
gayal,14659
gafar,14662
duane,14663
beton,14666
gawai,14666
omset,14677
punci,14677
menor,14679
medis,14681
ongeh,14691
mutih,14692
danur,14693
mundu,14694
buwuh,14698
diare,14702
ponok,14702
besok,14705
borok,14712
medil,14712
oncat,14715
munib,14716
beguk,14718
piong,14723
oleum,14729
bokor,14734
mercu,14737
belon,14738
hujah,14739
modal,14746
medik,14751
biner,14753
daeng,14764
dakwa,14764
mindi,14764
gawar,14767
binen,14770
oncer,14771
bende,14774
mikro,14774
oknum,14776
opsen,14776
melon,14783
binti,14790
pigmi,14790
borek,14793
misuh,14794
hampa,14797
dapra,14798
gapah,14799
hauri,14802
garba,14803
modar,14808
obeng,14810
gatra,14833
gaham,14837
drama,14842
belot,14846
minus,14852
beduk,14853
benum,14853
gayau,14857
pegoh,14868
budek,14869
dayah,14869
ganja,14870
hamba,14871
gabah,14873
halwa,14879
betok,14882
bisul,14892
mijil,14895
metro,14896
puyuh,14900
buron,14904
benda,14905
mesti,14905
oncek,14908
melor,14910
murni,14917
bilga,14919
punya,14925
bermi,14926
beron,14928
peyot,14928
gabak,14932
gawan,14934
merdu,14938
gadai,14941
besit,14943
dajal,14943
obras,14950
bosan,14951
merot,14952
dekak,14953
muzah,14955
biksu,14958
bunga,14958
bivak,14959
bidik,14964
onder,14964
dawat,14968
belok,14969
bumel,14971
murid,14971
menit,14979
mujur,14983
musik,14984
pegon,14987
bunda,14989
polos,14990
hasta,14991
puber,14996
gamak,15005
oniks,15006
puyer,15006
bueng,15007
mizab,15008
muntu,15008
gabas,15009
porto,15009
ganda,15014
mewek,15016
cacah,15019
mudun,15021
penyu,15024
betis,15027
porsi,15027
oncen,15035
polis,15037
poros,15040
buyut,15044
bruto,15050
obral,15052
bijan,15058
begap,15062
biota,15066
betot,15067
dakik,15070
biola,15071
hibah,15071
menir,15072
porot,15074
bonar,15075
mesin,15075
menur,15076
metil,15076
meski,15078
bawon,15082
pucik,15082
mesut,15083
gamat,15086
mewah,15092
danta,15099
mupus,15103
busik,15104
potol,15106
harga,15109
belis,15110
benur,15115
gapai,15115
polio,15118
puguh,15119
bissu,15121
polok,15123
prive,15126
bilur,15136
porok,15139
murca,15140
belit,15142
mudra,15150
betik,15153
mizan,15155
diode,15157
darma,15158
gasab,15161
mipis,15162
punca,15165
buyur,15166
oblak,15166
dodot,15168
gahar,15169
gasak,15170
berok,15171
bokek,15172
muris,15174
melit,15176
midik,15177
orien,15180
halba,15181
gabai,15184
besut,15185
oplet,15191
merih,15194
bujut,15196
organ,15197
puing,15201
becek,15202
buset,15206
orgel,15206
hayat,15208
bidah,15212
opera,15216
gamal,15217
blues,15219
pilon,15220
cacat,15221
gogoh,15223
pujur,15228
piung,15233
halma,15239
polen,15239
pujut,15240
belik,15242
bujam,15245
dodol,15248
misoa,15252
begah,15253
punti,15253
belum,15259
oasis,15262
besuk,15264
bijak,15264
mawon,15264
mesiu,15264
gamam,15270
bulir,15274
pluto,15276
dawan,15278
pencu,15281
butik,15283
helah,15285
pudel,15286
dodos,15288
pedih,15288
bujuk,15289
harpa,15289
melik,15290
pedok,15292
pinda,15295
dapat,15298
pujuk,15303
mubut,15304
butir,15308
berko,15310
bidan,15310
minta,15310
benta,15314
pinga,15319
bujur,15322
buntu,15328
cacap,15329
hafal,15330
bekil,15332
bukti,15335
molar,15339
pegun,15340
puder,15345
belus,15346
dawai,15348
bejat,15353
betul,15355
osean,15355
daksa,15356
purwa,15356
puyan,15358
melur,15360
orasi,15360
botak,15361
pijin,15362
beril,15365
banyo,15373
bidas,15377
pecok,15379
bacot,15381
modem,15381
pinus,15381
bedah,15383
bolak,15385
gogos,15385
gasal,15388
harta,15389
dansa,15391
mayor,15391
pintu,15394
piton,15394
buyar,15399
merut,15402
belut,15403
galah,15411
gatal,15414
merik,15419
pilot,15419
pulih,15420
moral,15421
dodor,15426
purba,15427
bukit,15429
musuh,15430
bujal,15431
becak,15436
morak,15439
bisik,15443
poler,15443
bidal,15444
poles,15444
poser,15445
dabat,15448
mudah,15451
berik,15452
bilis,15452
pecun,15454
bedel,15455
buhul,15460
dodok,15464
piyik,15464
galak,15469
media,15473
poise,15473
butek,15475
cacar,15475
gogok,15475
mejan,15477
order,15489
pijah,15490
bedan,15493
burit,15495
mitra,15496
hatta,15501
polet,15503
bacok,15507
meger,15511
dabal,15515
beluk,15520
porta,15522
oleng,15524
gaman,15525
begal,15527
bidak,15529
pudur,15531
mulsa,15534
megah,15536
bikin,15541
buduk,15548
mudat,15550
payon,15553
buhuk,15556
prosa,15556
budur,15558
bunuh,15558
polka,15561
berus,15562
bilik,15563
borat,15564
polah,15564
galas,15568
pleno,15568
pisuh,15569
penuh,15577
damat,15578
dapar,15578
hawar,15579
galat,15580
bidar,15581
burik,15581
daham,15581
potel,15581
hajat,15589
putih,15589
mepet,15593
dodet,15596
berma,15597
pijit,15602
cacau,15605
mahwu,15607
mirip,15611
bayem,15617
mirih,15617
hurah,15621
pedis,15621
dalam,15622
menep,15624
mukun,15626
buket,15629
begar,15630
bayuh,15635
mubah,15636
damah,15639
bando,15646
damal,15646
pedut,15652
orang,15656
buret,15658
bedal,15660
oktaf,15661
datar,15662
benah,15671
porah,15674
bokar,15677
mebel,15679
megan,15683
megat,15684
berui,15688
oreng,15688
polan,15702
murup,15707
hadap,15708
misil,15708
banyu,15709
bagor,15710
benua,15711
pecut,15713
pokta,15715
pucuk,15718
banci,15719
bedak,15721
mulut,15723
benam,15724
beruk,15729
pelog,15730
damas,15735
binal,15740
banji,15742
bugar,15747
bedar,15751
dabak,15752
poker,15752
dahak,15757
dahar,15757
mulus,15757
milir,15759
budak,15760
muhal,15761
pines,15761
bayun,15763
hajar,15764
peloh,15766
garah,15767
murka,15768
pugas,15768
bacin,15769
garap,15771
midar,15771
bacem,15775
milik,15779
galai,15782
pilus,15782
cacak,15785
bawel,15787
pulik,15790
hadat,15791
pokok,15791
premi,15791
bapet,15794
megak,15795
medan,15797
muluk,15800
dahan,15803
poket,15804
pecuk,15806
penda,15808
potia,15810
mawut,15813
putri,15817
galar,15818
picis,15824
pergi,15830
pugar,15830
garam,15831
birit,15833
gigih,15835
mesra,15836
miris,15837
bunut,15839
hadas,15840
bikir,15842
nyolo,15843
pijar,15844
megar,15846
mirik,15848
pikun,15851
beset,15853
picit,15853
pokah,15853
buluh,15856
halia,15859
mutah,15860
pagon,15860
pijat,15860
butuh,15863
bilah,15868
pudat,15869
picik,15872
damak,15873
damar,15874
mawin,15876
merta,15876
mulur,15876
pudar,15877
binar,15878
perdu,15878
puris,15878
dalal,15882
pensi,15882
pijak,15885
pugak,15891
pulen,15899
peron,15903
prima,15903
besel,15905
pileh,15906
hasan,15908
daman,15914
bursa,15916
mulia,15920
murus,15921
busut,15928
galau,15929
besek,15937
purik,15937
belia,15939
pirus,15953
punuk,15954
pucat,15957
pajuh,15960
beser,15964
punah,15964
besan,15975
penis,15975
putik,15976
biuku,15977
pitot,15979
mayur,15980
punia,15980
hakam,15981
dendi,15985
benak,15986
hasad,15990
bacik,15991
majuj,15994
bidai,15995
bandu,15996
bacut,15999
majuh,16000
mahdi,16002
bacul,16006
bayur,16009
damai,16010
puluh,16011
bajik,16013
potas,16013
mutan,16014
novel,16017
padmi,16020
hasab,16021
busuk,16027
butun,16027
betah,16028
pejam,16031
pikul,16032
bulus,16034
galan,16036
pinta,16041
bajul,16052
benar,16052
busur,16054
metah,16060
bilas,16065
minat,16067
panco,16067
darat,16068
biang,16071
pelor,16072
bacek,16074
manci,16079
mukah,16082
nyepi,16084
bekap,16085
buruj,16088
macis,16089
milad,16096
bekuk,16101
dasar,16102
darab,16106
beken,16107
meter,16110
pulun,16110
darah,16111
gigit,16115
hamal,16121
butul,16124
majun,16124
gigis,16129
garai,16131
dakah,16133
macet,16133
pulsa,16133
bagus,16134
belah,16138
peluh,16145
psike,16159
menat,16160
plang,16160
maton,16170
perot,16174
gaing,16176
misan,16180
baton,16185
buruh,16189
oktal,16190
basmi,16191
belam,16206
birah,16206
balon,16207
pacok,16211
panji,16212
peroi,16213
mason,16214
melek,16215
bereo,16217
pewat,16223
bagul,16228
biram,16230
meler,16231
betas,16232
gigil,16233
petor,16234
belan,16236
menak,16236
murad,16240
pihak,16240
mangu,16244
pegah,16244
prabu,16245
manol,16246
bulur,16247
mesan,16249
buluk,16250
mirah,16252
bulan,16253
beres,16254
pamor,16254
purun,16257
daras,16258
besar,16263
hasar,16264
mulas,16265
orkes,16265
misal,16270
pusta,16271
bekah,16273
perum,16273
badut,16274
magun,16279
pinis,16284
badik,16285
metal,16287
mikat,16288
pilih,16288
belek,16291
murah,16292
pandu,16292
onani,16293
perih,16296
majir,16297
busai,16299
baguk,16302
garau,16306
mandu,16306
pejal,16306
beret,16307
magis,16308
punar,16313
punat,16321
balot,16323
belas,16325
bahwa,16332
meres,16332
perun,16335
puter,16336
plano,16341
bekam,16344
pecah,16350
pagun,16351
mandi,16353
pilek,16354
garan,16357
buang,16360
pulut,16361
mirat,16366
bagur,16371
mekap,16372
bekel,16373
putra,16374
bulat,16375
ganas,16382
pusut,16383
perin,16384
belat,16385
betet,16385
dakar,16390
baduk,16391
badui,16394
merek,16394
pegan,16396
biras,16403
puisi,16407
panci,16414
batok,16417
mabuh,16419
ngoyo,16419
pilin,16420
beram,16423
pitut,16425
beker,16426
hasai,16427
perlu,16427
punai,16427
badur,16429
bukut,16433
harap,16433
metai,16436
pacih,16441
balok,16448
melas,16448
muras,16449
perli,16450
bukan,16456
darau,16456
nyiru,16456
purus,16459
perca,16464
nyeri,16465
bekas,16466
pelus,16466
bantu,16468
birat,16468
merah,16469
magel,16481
miang,16486
burut,16489
mulai,16489
mural,16491
putus,16491
harak,16492
bulak,16494
ganal,16498
betau,16500
belak,16501
belar,16502
masoi,16502
belai,16507
bular,16510
haram,16512
pelir,16512
bulai,16516
pulan,16518
bilal,16521
bafta,16525
bakso,16525
purut,16526
baron,16527
buram,16531
pagut,16540
minum,16542
pesut,16542
butut,16546
bekat,16548
madik,16549
bukur,16551
guguh,16552
bakdu,16554
pelit,16560
melar,16561
peyek,16565
basuh,16568
pinar,16569
gugup,16570
beras,16572
perus,16576
psalm,16578
bisai,16580
bakmi,16581
pesuk,16583
pegas,16586
puruk,16588
buruk,16589
madya,16591
pirsa,16592
masif,16593
bekal,16596
peluk,16596
maois,16597
pegal,16598
danau,16599
bardi,16600
belau,16601
basin,16602
pinak,16603
balig,16604
mantu,16604
pacul,16606
pilah,16614
ganar,16617
padri,16618
ompol,16619
pelik,16621
mabuk,16626
gaung,16628
bukat,16629
barso,16631
merat,16632
perut,16632
piket,16632
onyot,16634
pegar,16636
berat,16638
maido,16639
batih,16640
mabul,16641
mahir,16641
pedal,16641
halau,16644
murai,16647
pedas,16647
petus,16649
nyiur,16650
polip,16652
oncom,16653
paduk,16653
buras,16655
mekar,16657
banir,16658
pisin,16658
pegat,16660
baung,16661
musim,16662
pukul,16663
paldu,16672
belel,16675
peruk,16689
perit,16692
biadi,16694
pilis,16696
nodus,16698
pedar,16699
ndoro,16707
payet,16712
pecal,16713
pulas,16716
guguk,16720
pisah,16727
bilai,16731
panto,16732
pukah,16732
nopek,16733
makro,16736
burat,16743
plato,16743
berak,16745
petir,16745
batin,16746
basit,16747
gugus,16750
basil,16754
petis,16759
peksi,16760
buani,16762
petuk,16763
berai,16767
mukim,16771
pacuk,16774
pecat,16776
piang,16778
pecai,16780
barok,16781
baluh,16793
pedak,16793
pusar,16795
pemeo,16800
pises,16805
maung,16806
bakup,16810
pusat,16811
denda,16827
masih,16828
basut,16829
manut,16829
petik,16833
baksi,16837
batis,16842
burak,16842
mesum,16856
onyok,16856
pulai,16859
pedel,16861
pusak,16865
paung,16866
pekis,16868
oktet,16870
pekir,16871
pacik,16878
pahit,16880
pecak,16880
paron,16881
pitam,16882
barep,16887
basir,16887
manuk,16888
batil,16891
burai,16891
gegep,16894
batun,16895
ngoko,16901
balen,16905
pirik,16915
nyiri,16917
balun,16918
pirit,16919
pecel,16921
piano,16926
manis,16930
halal,16931
pisik,16931
didih,16935
oyong,16935
pedet,16940
putar,16947
malih,16950
pisit,16957
misai,16963
maksi,16964
pikir,16965
matur,16966
manik,16969
pilar,16975
bakti,16977
pamit,16977
masuk,16982
pilas,16984
masin,16985
batik,16987
putut,16987
banda,16990
pitis,16993
panus,17000
pilau,17002
batel,17004
barid,17005
balik,17006
nomor,17007
plaza,17007
gugah,17012
padma,17014
gegua,17034
malun,17034
basis,17039
balut,17040
pasok,17040
pilak,17048
biaya,17050
balet,17054
maleo,17055
barli,17057
oncor,17057
pukal,17060
pukas,17070
pauhi,17080
patos,17082
paing,17089
penat,17092
ondos,17095
sohun,17100
gugur,17102
gegap,17106
baliu,17121
masir,17123
birai,17124
pisau,17124
batuk,17127
makin,17130
petut,17133
panti,17134
penes,17134
pukat,17134
dudus,17139
paluh,17145
baruh,17146
penak,17147
malis,17152
makul,17156
baluk,17159
panja,17166
pasif,17166
panil,17174
balur,17175
balui,17181
pacet,17188
maser,17191
patok,17194
pesta,17194
pirau,17199
malik,17206
sohor,17210
baris,17222
sogok,17225
necis,17228
didis,17229
dudur,17229
gegas,17238
maket,17238
marut,17238
panir,17239
gugat,17240
mafia,17240
pulau,17241
pitar,17242
norit,17246
buaya,17253
manja,17259
pelah,17267
palun,17272
nuzul,17273
panik,17273
marus,17278
duduk,17285
barit,17287
bakir,17288
pitak,17289
bakut,17290
pacek,17292
lonco,17294
bakul,17300
peang,17304
gegat,17306
pamer,17311
nusyu,17319
prasi,17319
notes,17321
patuh,17322
norma,17324
paruh,17324
bawah,17325
buari,17326
oplos,17327
pesam,17329
pikat,17330
pikau,17333
pakde,17337
sodok,17341
sodor,17343
didik,17345
baret,17349
praba,17354
barel,17356
peria,17363
bukau,17367
maret,17374
barik,17378
perah,17382
sohib,17382
palsu,17384
praja,17390
pelan,17395
bagea,17397
pesan,17398
pekuk,17405
barut,17422
pasim,17423
putat,17423
syekh,17423
bayam,17426
gegai,17426
pekik,17427
lodoh,17429
peram,17431
geger,17432
ngilu,17434
parun,17440
petah,17442
paltu,17455
petia,17459
ondok,17467
panel,17478
peleh,17491
sobok,17492
peran,17494
pakuh,17500
parih,17500
matoa,17502
minim,17502
manda,17503
mejam,17506
pialu,17511
palut,17512
bayan,17514
patih,17517
petam,17526
longo,17542
obrol,17544
pereh,17548
bacah,17550
panen,17552
negro,17556
ngeri,17577
petan,17584
bawat,17590
bayas,17594
dandi,17597
gegau,17606
bajaj,17609
nudis,17616
bawal,17618
pompa,17619
bakda,17624
pasuk,17626
patio,17628
locot,17632
gegar,17634
parwa,17641
nukil,17646
pelas,17659
bakik,17662
pukau,17663
brana,17669
palis,17671
patin,17671
pasti,17680
palit,17695
parut,17699
nujum,17702
parsi,17702
piatu,17703
solum,17706
bawak,17707
pelat,17711
barga,17713
ongok,17716
logis,17721
sport,17726
bazar,17728
orion,17733
palem,17736
bajan,17738
sotoh,17746
pekan,17748
syiwa,17748
bapak,17749
pesat,17749
patri,17762
payah,17763
peras,17768
lodeh,17769
makda,17779
bayak,17780
nikel,17782
patuk,17789
marga,17794
pelak,17798
pesai,17800
pesak,17805
pasir,17814
hajah,17815
palen,17815
nomad,17821
sodet,17823
gaguk,17824
locok,17825
manta,17825
paksi,17825
perat,17825
pasit,17826
petal,17830
patil,17834
nihil,17837
pakus,17838
mayat,17840
pirai,17842
nyale,17857
bayar,17861
petas,17862
mawas,17873
nobat,17877
paris,17879
perai,17882
omong,17884
bobos,17897
perak,17897
sowan,17900
nyali,17904
parit,17904
negus,17910
sonor,17915
pause,17916
momok,17922
solot,17925
parik,17931
peles,17935
bagan,17941
nisbi,17941
sorog,17943
peser,17949
badam,17953
sobek,17961
madia,17963
patik,17969
lundi,17971
toyor,17971
lohok,17978
petai,17978
bacak,17979
parga,17983
solok,17984
brata,17989
petak,17994
peres,17995
pakis,17996
biasa,18002
pelet,18006
paten,18008
bagas,18011
bajak,18019
sokom,18019
dedap,18024
nrima,18025
dedah,18026
peset,18027
mawar,18029
neces,18029
bacar,18031
buana,18031
soyak,18031
mahia,18039
bobot,18043
perei,18043
nifak,18044
mesem,18047
bobol,18049
pajan,18049
sifon,18051
badan,18053
sunyi,18055
lindu,18059
bagat,18071
sewot,18071
lonte,18072
banua,18074
makna,18077
pales,18079
pesek,18085
macan,18086
pekau,18086
solid,18089
baham,18090
pekat,18103
bajar,18106
pelek,18110
matra,18116
bagal,18122
pakem,18125
lopis,18126
petel,18130
lomot,18131
palet,18131
nifas,18133
paser,18136
bajau,18139
momen,18148
dedal,18150
sujen,18154
bahan,18155
petes,18155
loyar,18160
dedel,18176
paset,18177
lomba,18179
padah,18184
patut,18185
syeti,18186
pawak,18187
lopor,18196
bagak,18204
piama,18211
pawai,18212
payau,18216
daduh,18217
liong,18217
payar,18224
badal,18229
padam,18236
lotus,18246
majas,18257
lorot,18266
bahas,18267
bobok,18275
syura,18284
sinyo,18288
malka,18290
toboh,18292
dedas,18294
tohor,18297
sogan,18298
lotre,18299
pater,18302
dedes,18306
leyot,18306
sumbi,18308
bagai,18310
petek,18313
bagar,18320
tohok,18328
dadih,18329
miana,18330
sorot,18336
norak,18337
badak,18342
majal,18345
somah,18350
swike,18356
naqli,18357
sugih,18357
sopek,18358
bagau,18359
bumbu,18364
sonik,18366
lundu,18368
lotis,18370
pagan,18377
sorok,18378
padan,18381
luwes,18385
sopir,18393
pajak,18397
towel,18397
badar,18409
patek,18418
paham,18422
deder,18432
nyawa,18432
dedar,18434
loyak,18439
bahak,18441
sigot,18443
madah,18445
togok,18447
badau,18452
badai,18458
suwir,18459
syeir,18461
trofi,18462
marka,18474
nipah,18482
dedau,18484
sujud,18484
pakuk,18493
pamah,18494
dedak,18496
biara,18502
sohar,18508
mania,18509
mioma,18509
solek,18512
nipis,18516
merem,18519
dedai,18526
liwet,18531
paket,18531
nijas,18535
bahar,18536
dedek,18536
balap,18543
pagas,18544
lodan,18550
nafsu,18557
spora,18557
madat,18561
padas,18572
sedot,18572
limfa,18579
puasa,18579
daduk,18585
loper,18588
soban,18588
basah,18593
muara,18600
nista,18604
sumbu,18605
mapan,18606
sejuk,18609
stori,18609
netra,18619
timbo,18628
spion,18629
lokus,18633
pagar,18633
padat,18642
sling,18654
nafsi,18656
sumeh,18659
banat,18667
lomek,18667
paman,18667
sungu,18674
makua,18677
pacal,18677
banal,18685
soren,18687
ledos,18697
nazim,18699
sobat,18710
lejok,18711
lenci,18712
siong,18714
massa,18720
ludes,18722
semok,18740
limun,18744
muram,18744
padak,18745
pekak,18747
logam,18748
sudip,18749
luyut,18751
pacar,18754
togel,18758
nikah,18764
nekel,18766
studi,18767
pacau,18769
sulbi,18776
tonus,18779
maula,18781
balad,18783
seduh,18783
mahal,18790
suhuf,18790
libur,18792
bakap,18799
lorek,18804
madar,18810
pasta,18818
solah,18821
panah,18824
tonil,18824
nyong,18825
lecuh,18830
sumba,18831
nazir,18832
balah,18840
pahat,18841
mahah,18853
soket,18855
suguh,18855
tiwul,18855
sinom,18862
timol,18862
banar,18863
stuko,18863
patet,18867
lecok,18871
pahar,18873
piala,18873
neger,18880
soker,18881
lipur,18883
luing,18883
sopan,18883
pacak,18891
palka,18893
logat,18894
balam,18905
lopek,18905
mahar,18905
pacai,18906
puaka,18907
basat,18908
sendu,18908
sorek,18910
lecun,18911
limut,18914
maria,18914
sufah,18914
manah,18919
basal,18921
tumor,18922
lumbu,18923
tifus,18934
popor,18942
barua,18947
selom,18960
nilam,18968
sudet,18971
balan,18973
lecur,18980
nekad,18986
sioca,18991
barap,18993
tinju,18994
lejit,18995
lokos,18995
lemon,18999
lorah,19001
masap,19001
mimpi,19018
tonik,19018
lecup,19023
batas,19026
paksa,19027
lenor,19028
liput,19035
sebum,19035
lucup,19039
luner,19047
dadek,19057
lurik,19059
topik,19063
piara,19065
lusin,19071
loban,19072
balas,19075
selon,19078
parka,19083
lumen,19084
matan,19085
sunti,19089
lenso,19090
patka,19097
legih,19101
lokio,19111
sugun,19111
legok,19113
popok,19114
batal,19115
selop,19116
oreol,19117
licin,19120
loran,19120
nambi,19121
sopak,19121
sendi,19128
lecut,19136
lepoh,19137
lecit,19139
bakam,19144
pakta,19145
sebun,19145
bibel,19146
sedih,19150
sugul,19156
tihul,19160
nisab,19162
sonar,19165
tonem,19166
siwer,19168
suhun,19168
basau,19170
lumer,19175
malap,19175
lucut,19176
surya,19178
senja,19179
lotek,19186
danda,19189
lembu,19190
nekat,19190
troli,19190
legum,19192
sifer,19192
sufal,19205
malah,19206
senuh,19207
lidid,19209
sulih,19213
panas,19216
sokah,19216
steno,19218
togan,19222
rojol,19224
tokoh,19224
sumir,19228
luber,19230
nyala,19230
napuh,19232
tidur,19238
subuh,19245
paraf,19249
makao,19250
toleh,19255
sepuh,19256
lorat,19263
solar,19265
sigma,19267
luhur,19268
libra,19273
leduk,19275
barah,19280
setom,19281
torsi,19282
selot,19289
torso,19292
paria,19293
selok,19293
solak,19295
balak,19297
todak,19299
legio,19304
panar,19304
siduk,19304
silok,19307
limpa,19308
spons,19308
liwan,19311
sudra,19314
lucah,19315
tolok,19316
rowot,19318
noken,19321
lunta,19322
balar,19324
parab,19327
lenja,19328
ludah,19337
supel,19338
panau,19341
ligih,19342
lisut,19346
mumet,19349
masak,19352
luyak,19353
torne,19358
torus,19359
malan,19362
sebuk,19363
pasah,19371
lerot,19374
semut,19374
malim,19382
najis,19382
tilde,19382
nilon,19384
palam,19384
sebut,19384
soang,19387
batai,19389
linen,19394
lobak,19395
nilau,19400
legit,19410
nugat,19413
baran,19415
lebih,19415
sepoi,19416
strip,19416
lebuh,19417
sofis,19418
bakat,19425
malas,19430
sekon,19430
layon,19431
suhad,19431
semur,19432
seton,19433
lugut,19434
makan,19434
loket,19440
balai,19442
skrin,19448
sibuk,19449
bakal,19451
sekop,19453
liwat,19460
marah,19461
timun,19461
setop,19463
manau,19464
lepot,19469
sudut,19469
balau,19470
sewah,19476
lenda,19478
nyata,19478
luruh,19480
lumuh,19483
sudah,19483
toman,19484
sibur,19486
rompi,19487
lawon,19488
ronce,19492
lebun,19493
lonan,19494
super,19496
panai,19498
tendo,19499
surga,19506
lemur,19510
licik,19512
skrip,19514
lopak,19515
suduk,19518
tumbu,19519
lerok,19520
teduh,19521
rondo,19522
oolit,19529
siger,19529
manai,19543
lepuh,19549
lebum,19552
lupuh,19554
tumis,19556
siung,19560
patah,19561
tolol,19565
lenis,19566
timus,19571
tujuh,19571
malar,19573
ludat,19578
topes,19578
khoja,19582
lebur,19582
lepih,19582
pikap,19586
lesbi,19591
lidah,19591
sirop,19593
parah,19595
likur,19598
ledre,19600
rogoh,19606
lesot,19607
barat,19616
param,19620
senda,19623
teguh,19624
lepok,19628
sulit,19630
patam,19631
lumur,19633
syiar,19634
sepul,19635
bakar,19642
tubin,19643
lurub,19647
masai,19649
tuduh,19655
serbu,19660
timur,19660
makar,19662
stupa,19663
lipid,19664
tumpu,19665
maras,19666
senuk,19668
toreh,19671
lirih,19674
setor,19675
tufah,19675
surih,19684
timba,19687
tuyul,19692
lenga,19693
lukis,19696
ronde,19697
sukma,19698
lepur,19702
letos,19704
sepih,19704
tunda,19706
baiat,19707
senur,19708
sumah,19711
tinja,19713
liter,19715
tembu,19716
topek,19716
serot,19719
tempo,19719
sagon,19720
tingi,19726
bakau,19729
lurus,19733
marem,19735
puspa,19735
singa,19736
umpil,19743
sepuk,19744
rogol,19749
barak,19752
nadim,19753
suten,19753
lumus,19756
paran,19756
lenge,19757
udeng,19757
marak,19758
sorak,19759
subur,19760
selup,19761
suluh,19762
likut,19765
sebit,19770
siput,19770
seput,19773
sumur,19774
serdi,19776
uzlah,19776
leyeh,19778
lumut,19783
palas,19783
lokia,19784
salvo,19784
lisus,19788
lotak,19788
lurut,19790
sutil,19790
subam,19792
sepur,19793
sugar,19799
segeh,19801
lewah,19807
pasal,19811
palar,19813
lusuh,19817
malai,19824
segah,19827
palat,19830
tebon,19831
imbuh,19836
lupus,19838
lidas,19839
tiwah,19846
bambu,19855
sewal,19860
suren,19862
lezat,19864
lukeh,19867
palau,19867
semir,19867
tengu,19867
luput,19869
tubir,19870
serbi,19872
lugas,19876
senti,19878
slang,19884
uncit,19884
lebuk,19894
trips,19896
lepit,19897
roboh,19897
sejat,19897
tujah,19897
layuh,19898
suban,19899
letih,19901
lokan,19905
limit,19907
pasar,19907
seruh,19907
umbin,19907
pasat,19910
nadir,19919
tiung,19920
tuyuk,19921
letoi,19923
barai,19926
licak,19927
palak,19937
topan,19938
tobak,19942
sejak,19943
seluk,19944
sekoi,19945
timpa,19945
setum,19946
sahdu,19947
lewar,19948
tujul,19948
tegun,19949
syair,19950
sayup,19951
ligar,19954
pakan,19954
selut,19959
lesir,19960
sunah,19960
licau,19963
lokap,19967
impor,19973
ligan,19973
rodok,19974
lever,19975
letum,19977
bibit,19978
liris,19978
umpet,19983
sewat,19986
subal,19988
pasak,19989
lurah,19995
nasti,19999
siluk,19999
lubuk,20001
suket,20006
senil,20007
nafta,20011
layur,20012
kojoh,20021
nasib,20021
paras,20021
sijil,20024
palai,20025
nasel,20029
lazim,20030
lepuk,20032
letur,20032
lupuk,20036
sewar,20041
situn,20041
topas,20043
lepik,20056
bawab,20057
stema,20057
lipit,20060
tolan,20060
serum,20061
tolap,20067
tegil,20068
ligat,20073
rocet,20073
letup,20074
nilai,20077
patar,20080
lesut,20083
sunam,20085
rogok,20089
pupil,20095
ligas,20105
lewat,20106
lecah,20108
sando,20109
lensa,20113
pasai,20114
parau,20116
luban,20117
lumar,20118
setup,20120
gagah,20122
union,20125
libei,20131
lirik,20131
tebok,20133
sampo,20140
serun,20145
nasut,20147
segan,20148
layut,20150
sekul,20150
gagap,20152
lejar,20154
lesit,20154
subak,20155
trica,20159
letus,20160
lihat,20162
lunas,20165
skema,20166
triko,20166
tulis,20167
bakak,20168
parak,20171
ronda,20171
tunik,20171
sabot,20172
perap,20177
lokek,20179
tores,20180
tawon,20183
kompi,20187
lepra,20188
sulut,20190
largo,20198
semua,20199
sulah,20200
tegur,20201
kweni,20203
bibir,20208
pakal,20209
letis,20210
selip,20210
infus,20216
konco,20218
sawut,20218
romok,20225
serul,20225
suluk,20225
sedam,20228
gagak,20230
selui,20230
sifat,20231
sulur,20231
royal,20236
temin,20238
laocu,20239
lumat,20239
teguk,20241
lumas,20244
saldo,20244
sayur,20247
lanji,20251
lejas,20262
suruh,20263
kohir,20265
sepit,20265
liman,20274
segel,20276
salju,20277
sutra,20277
semah,20290
sepir,20293
mumut,20295
uswah,20297
pakar,20301
limar,20302
layuk,20304
tuidi,20305
pakat,20306
konde,20307
lajur,20310
ungsi,20310
royan,20316
lecap,20317
torek,20320
robot,20321
sayid,20325
kombo,20326
natur,20326
sulam,20332
leceh,20334
lekun,20334
sukun,20336
lupat,20337
sertu,20337
rincu,20339
lunak,20342
sehat,20343
ibung,20346
tubuh,20349
ricuh,20351
segak,20355
tolak,20359
sajen,20361
sedan,20362
letuk,20363
sikut,20366
sedap,20367
senin,20368
tugur,20368
pakau,20369
lacur,20370
lambo,20371
sunat,20371
lipan,20376
senta,20384
letik,20386
mimis,20388
tokok,20389
mumuk,20391
gagas,20392
lekum,20394
seruk,20394
selir,20396
turne,20400
sigap,20402
tenor,20403
sayib,20405
sebam,20405
selit,20405
syala,20409
leuca,20411
segar,20412
skene,20415
lecat,20417
stepa,20418
safih,20421
libat,20422
tepos,20423
kover,20426
tenok,20428
serut,20430
serba,20437
robok,20441
mimik,20442
sulap,20445
silet,20447
lekir,20451
telop,20453
idola,20455
layer,20458
tuhan,20458
libas,20462
laron,20464
reyot,20464
tenda,20464
incut,20467
ungti,20467
sangu,20468
limas,20474
pakai,20478
surup,20482
lesus,20488
rosin,20494
tugal,20498
bubuh,20502
sedia,20507
kojol,20509
stela,20514
timah,20514
tulen,20515
lacut,20517
tusir,20518
sayet,20526
mayam,20530
upeti,20533
lapor,20540
skors,20540
lipat,20542
tugas,20542
langu,20546
salon,20553
lecer,20554
legam,20555
tumus,20555
litah,20556
setin,20560
tepok,20561
kojor,20563
konus,20566
steik,20568
sedat,20572
seman,20574
tebus,20575
rindu,20577
rugbi,20581
trafo,20581
kocoh,20582
lumai,20583
sekip,20583
ipung,20587
sampu,20587
lipas,20592
royak,20592
lecak,20596
pupuh,20597
korve,20598
teluh,20598
semen,20600
rezim,20601
lehar,20604
romet,20606
setip,20608
unyai,20608
legar,20609
komis,20610
langi,20615
gagal,20616
tayum,20622
linau,20626
lisah,20629
sedak,20629
tekoh,20629
tidak,20630
lekit,20632
legap,20633
sunan,20636
uling,20636
rolet,20638
sirke,20647
sebal,20650
komit,20651
impek,20652
telor,20652
ledak,20653
tukil,20653
ihwal,20656
tambo,20656
likir,20659
sepah,20661
sutan,20662
sigak,20664
tigas,20665
tiner,20665
turis,20667
konis,20668
kohol,20673
sambi,20683
teyan,20686
inggu,20688
samuh,20688
lukut,20689
gagai,20692
loyal,20694
tirus,20696
limau,20699
sebel,20700
tugar,20704
lisan,20706
tayub,20710
rumpi,20712
sigar,20714
ledes,20717
serui,20717
surah,20718
tebuk,20720
sahut,20724
sawer,20727
surut,20729
envoi,20730
lemah,20733
tempa,20733
tensi,20733
enzim,20737
tayib,20739
suang,20741
suruk,20741
kohor,20742
santo,20743
efusi,20744
sirep,20750
legen,20752
sagur,20752
lecet,20753
legat,20753
rosot,20753
sidat,20753
tikus,20756
turba,20757
leher,20758
sebab,20758
sihir,20758
lampu,20761
sarju,20762
lambu,20764
tsuru,20768
senam,20773
sebat,20774
lutut,20775
bubun,20778
lukah,20788
kunci,20789
kundi,20789
rudin,20794
sebak,20797
solis,20798
setik,20800
syaka,20805
luang,20810
tuman,20814
ruwet,20817
torak,20819
macam,20820
robek,20822
sirna,20823
rosok,20825
ronta,20827
bubus,20828
sawit,20828
lebah,20829
taoco,20833
sepam,20834
urgen,20836
sukan,20837
sandi,20839
sebar,20841
korps,20853
semak,20854
suram,20854
leger,20855
setir,20858
sahur,20860
sabun,20871
siter,20877
ingus,20878
dadap,20879
lerah,20881
taoci,20883
tango,20885
serik,20890
samun,20897
induk,20899
sabtu,20900
babon,20901
sidik,20902
sebet,20908
lekok,20912
serit,20916
bebel,20920
laden,20921
kring,20922
tegah,20924
sadur,20929
kroni,20930
salto,20931
tenis,20934
leban,20935
lecek,20940
tikpi,20943
sepan,20946
kowan,20949
safir,20950
leges,20953
ledek,20956
nazam,20956
koyam,20957
lebam,20957
tempe,20958
recok,20961
tepus,20970
lahir,20972
gagau,20974
tenuk,20977
regol,20979
bubul,20980
skuat,20980
ujang,20983
koyan,20985
rodan,20989
remoh,20990
naqal,20991
lambe,20995
bebek,20996
lebap,20996
lebar,20996
mambo,20996
bubut,20998
litak,21000
beber,21006
sahib,21010
labuh,21013
konte,21014
kicuh,21021
tewas,21024
beban,21030
dadah,21033
tokek,21033
rotok,21034
saron,21036
kupon,21037
lemas,21037
tuban,21038
lisis,21042
lunau,21044
teori,21045
liang,21046
sabut,21054
sukat,21055
dadal,21059
selam,21068
sibak,21068
trusa,21068
kolum,21069
rumin,21069
tepis,21072
roneo,21074
sibir,21075
tiban,21075
pipih,21077
tulah,21078
lamun,21079
kewuh,21084
kumpi,21086
tagih,21088
pipet,21089
tulup,21089
kimlo,21091
lerap,21092
tenun,21093
sepen,21094
ripuh,21098
sibar,21098
tepuk,21099
sepal,21103
telus,21109
lukat,21111
memek,21111
pupus,21111
labun,21112
lamur,21113
setra,21114
sriti,21118
lisol,21121
sebai,21123
silih,21125
tanju,21125
lebas,21127
tambi,21127
kenyi,21129
senat,21132
silah,21134
labur,21136
nazar,21137
sadel,21138
serta,21139
kocor,21142
rodat,21148
kromo,21151
lebat,21152
simak,21152
larih,21153
ruyup,21153
tepik,21153
tanji,21154
tunam,21154
kroco,21155
tablo,21156
senak,21157
lapun,21158
surat,21158
sahih,21159
selan,21164
tajin,21164
telur,21164
koplo,21167
uring,21167
sabur,21169
bebas,21170
lihai,21172
samum,21172
until,21173
sekte,21174
sukar,21177
senar,21179
terok,21180
lanus,21181
latif,21181
legek,21182
tandu,21187
bubuk,21188
semai,21190
tawur,21193
saung,21199
umpan,21203
lemes,21207
terum,21212
trema,21213
rungu,21219
runti,21220
tilam,21223
lamin,21226
ileum,21227
lemak,21227
pupur,21231
sepat,21231
bubur,21234
selap,21234
sadin,21236
leber,21237
lenan,21237
tulus,21239
nafar,21241
lapih,21243
seleo,21244
tekor,21246
puput,21247
saben,21248
kinja,21255
recup,21255
larut,21259
sepak,21259
teluk,21263
lemau,21264
sepel,21264
roman,21266
roset,21268
imlek,21271
lakon,21271
tekpi,21271
telik,21271
rubin,21272
umbra,21274
laung,21276
konon,21278
tedas,21278
labut,21280
likat,21282
umbai,21285
tegap,21287
likas,21289
silam,21290
bebat,21292
ijmal,21294
rebon,21296
tajur,21301
kizib,21304
lepas,21306
lesan,21307
khafi,21312
lepat,21316
rumit,21318
nayap,21319
redih,21323
urine,21324
tabok,21326
taoge,21327
lebak,21330
lasuh,21332
tonit,21333
rimpi,21334
inden,21337
tegal,21345
lapir,21346
selia,21347
untir,21347
umpat,21350
ijbar,21354
komet,21356
tusam,21356
larva,21357
embih,21358
tipis,21361
lekuk,21362
lerak,21366
tajuk,21366
nayam,21367
sabel,21367
bebal,21368
sipil,21368
ungka,21369
serah,21370
korup,21373
sanca,21373
latuh,21377
tahun,21377
pupuk,21379
suami,21380
tampi,21381
saput,21382
leseh,21389
kobol,21394
rumbu,21394
ijmak,21400
sipat,21401
tebah,21408
laris,21409
rejuk,21409
lebai,21412
sereh,21416
tilik,21416
tegas,21418
koboi,21420
selat,21420
terup,21420
sakhi,21421
ruing,21423
silap,21424
terin,21432
riung,21433
umpak,21434
sahir,21435
kulon,21437
selar,21440
lesap,21443
sinar,21444
sinau,21444
talon,21445
tilan,21446
tunas,21447
lanun,21452
lerai,21453
embuh,21455
tadir,21455
selak,21460
tedak,21461
tahil,21465
leper,21466
kidul,21469
tageh,21469
dadar,21471
tukik,21472
sekam,21473
tilap,21473
redum,21475
senen,21476
kudis,21477
mampu,21478
sepet,21478
rival,21480
umban,21484
ihdad,21485
tajen,21485
lepak,21489
lepau,21489
kendo,21490
dadak,21491
sabet,21491
rumen,21492
latur,21497
klona,21499
egois,21505
lapuk,21505
tikim,21507
latih,21509
sipit,21513
setti,21514
samin,21515
tekun,21515
recik,21516
setan,21517
kribo,21519
sadik,21519
kucil,21522
madam,21524
ruwah,21525
redup,21527
sadir,21527
temeh,21530
kubin,21531
kunca,21533
kecoh,21537
lapis,21539
nahak,21539
ribut,21543
leret,21544
ripuk,21544
bebar,21548
tegar,21548
encim,21549
kicut,21554
sabil,21556
lipai,21561
sapih,21561
seram,21561
lepai,21564
larik,21568
tawes,21574
kinca,21575
trans,21575
turun,21575
sekan,21577
kucir,21580
kumis,21583
silat,21583
kumbu,21584
rubik,21587
start,21588
saleh,21591
tusuk,21595
tabuh,21596
tegak,21596
salut,21597
terus,21597
kimus,21598
ritme,21600
sepai,21602
repot,21605
teman,21605
sikah,21607
kuyup,21608
riben,21608
rubel,21608
tilas,21608
lepes,21611
tokak,21611
regup,21613
kejip,21614
neala,21615
regio,21616
sipir,21616
pipil,21617
mambu,21618
enjut,21619
nahas,21625
tular,21628
setem,21629
roket,21630
ungam,21632
setal,21633
surai,21633
sekap,21638
tunak,21643
lanja,21644
kolom,21645
sabit,21646
ruyap,21651
sabda,21651
seran,21651
empoh,21656
koroh,21656
najam,21659
rimba,21659
lanca,21660
kober,21668
udang,21669
lapik,21672
tupai,21673
salur,21674
lepet,21675
sirah,21675
kendi,21678
lepap,21678
magma,21679
tahir,21679
saluk,21683
rumba,21684
bubar,21686
tipar,21686
kolon,21687
kosen,21692
silau,21692
kobra,21697
lesak,21697
silik,21699
sirih,21700
silir,21702
tirah,21703
sekal,21708
irung,21710
serap,21713
teruk,21722
teror,21732
temas,21733
tukup,21733
emong,21736
terik,21737
turus,21741
redut,21747
tulak,21747
skafa,21748
umbar,21749
setia,21750
tukun,21751
inzar,21752
tunai,21753
tekis,21755
udani,21756
kemon,21757
kubti,21760
kufur,21761
teban,21761
siang,21763
ritul,21772
landa,21776
salem,21776
kulot,21781
undak,21782
tegel,21784
sigai,21786
kinte,21791
latis,21793
koman,21794
repuh,21794
enjin,21797
eboni,21802
embun,21802
letak,21802
kopra,21806
seten,21806
tekur,21806
pipis,21807
rujuk,21808
memar,21811
redik,21811
repih,21815
riwan,21817
tiram,21818
rikuh,21824
selai,21824
kurva,21827
samir,21828
kroto,21831
sirib,21831
tuang,21834
kuwur,21835
lekam,21835
pipit,21835
rutin,21835
siram,21835
kubis,21837
rujah,21837
kibul,21838
leter,21838
terna,21839
kembu,21840
kopel,21841
tukul,21841
sekat,21843
latuk,21846
kobah,21853
kejur,21856
kubil,21858
tisik,21858
intro,21859
kejut,21860
serep,21860
lepek,21863
ricik,21867
leset,21870
keong,21872
tukam,21872
rokok,21873
enyah,21874
lekar,21881
samba,21886
kopet,21888
reguk,21888
tikam,21889
koper,21892
rucah,21894
rayon,21896
tunan,21896
terpa,21897
letai,21898
taosi,21899
usrek,21900
sikin,21907
kenya,21910
sikap,21910
sekar,21911
embol,21916
kubit,21919
tiang,21922
kriya,21924
temak,21924
tenam,21926
turap,21926
salib,21928
kemih,21934
lakur,21934
encot,21935
serat,21935
ridip,21936
tebas,21937
ruwat,21940
salep,21942
lakum,21944
setel,21944
lekap,21945
imbau,21947
ruyak,21951
tabun,21952
salim,21956
rawon,21957
sanga,21957
serak,21963
sitak,21966
injap,21968
ngung,21970
rijal,21973
telah,21974
tiris,21974
sirap,21977
tamuk,21981
sidai,21986
kijil,21988
surau,21988
kenop,21993
iftar,21994
infak,21994
tapih,21994
laser,22000
laten,22001
kosel,22002
kupil,22002
khauf,22006
embus,22007
tepam,22008
intel,22009
kolot,22009
rotan,22009
serau,22009
kopah,22010
lekas,22016
satih,22018
lesek,22021
eyang,22022
kedot,22023
kored,22025
sanda,22025
kujur,22028
satwa,22032
encit,22033
kempu,22033
iseng,22036
kolor,22037
salin,22039
ideal,22042
kujut,22044
renti,22044
nyang,22048
remis,22048
sapit,22048
kucel,22050
tebar,22050
ungar,22052
kepoh,22057
tiran,22057
tumit,22057
koset,22060
kupir,22061
lekat,22063
resmi,22063
rudus,22064
saing,22067
turas,22070
sirip,22072
umrah,22075
encok,22076
embok,22078
ustaz,22078
sanik,22080
tesis,22082
setek,22087
relik,22090
salip,22090
reluk,22091
niaga,22092
babun,22093
kumuh,22096
renda,22099
sikat,22100
sareh,22101
babit,22105
kiruh,22107
kulim,22110
kotor,22113
royer,22114
remuk,22115
tebak,22116
babil,22119
sitir,22120
imago,22125
embik,22133
sampa,22136
kredo,22138
embut,22142
encik,22143
laici,22147
ritus,22148
takol,22159
tukal,22159
seter,22161
sapir,22162
sikit,22162
sirat,22163
pampa,22167
seret,22167
tansi,22168
rebus,22169
sarut,22172
reyal,22191
tabur,22192
rudah,22195
indra,22197
setai,22201
renik,22207
emosi,22209
kedip,22209
napal,22210
tukas,22212
rebut,22221
suari,22221
tiras,22223
empos,22224
letek,22225
konan,22226
babet,22231
tepeh,22231
napas,22234
tabir,22237
talib,22240
saruk,22248
klise,22250
undan,22254
rudal,22258
tabib,22258
reput,22259
imbal,22262
kotes,22263
tomat,22264
taung,22265
tabik,22267
ritel,22268
stres,22270
rebuk,22272
kutin,22273
uniat,22273
sakti,22278
kebin,22280
nisan,22290
indah,22291
nutan,22291
tikas,22294
sinus,22298
rujak,22299
satin,22307
suatu,22308
telan,22308
sirik,22310
ubang,22311
babut,22313
kursi,22313
injak,22315
masam,22316
kecup,22317
rempa,22317
mamut,22320
salir,22324
tanya,22330
tapin,22331
renin,22332
tapus,22335
sailo,22336
talun,22336
kores,22337
incar,22352
khiar,22352
sarwa,22352
tukar,22358
ingau,22360
kunta,22365
serai,22366
rewan,22367
telap,22370
imbak,22372
kebun,22373
endus,22375
kedul,22378
endul,22382
saren,22382
repui,22385
tikar,22390
kudup,22391
retok,22394
kecil,22397
krebo,22403
kilus,22404
tenar,22409
setat,22410
tepas,22412
empot,22415
tabel,22421
kutip,22422
urita,22429
laken,22435
rilis,22436
tirau,22436
kepuh,22438
klien,22438
kecit,22440
rejah,22440
imbas,22444
rewel,22445
kusir,22449
sawah,22454
lauya,22456
kedut,22459
kulir,22460
insek,22463
tarif,22463
tenak,22463
rajok,22464
retih,22464
rumus,22465
inset,22466
kucup,22466
krida,22468
namun,22468
sitat,22469
kusen,22471
upaya,22471
rejeh,22472
terka,22475
endut,22476
indap,22476
kemul,22476
kisut,22479
kobar,22480
kulit,22488
koret,22491
empul,22495
runut,22502
tapis,22503
telas,22504
rumuk,22506
kecut,22507
tekik,22507
nalam,22509
ridan,22510
pepah,22511
layah,22515
kudus,22518
khali,22519
tukai,22523
kemit,22524
tapuk,22524
kemut,22526
rimis,22526
tanur,22529
empok,22530
tobat,22535
taruh,22536
tekuk,22537
ricau,22539
impak,22544
kopal,22545
kotah,22554
sekak,22556
nakal,22557
khasi,22563
endon,22564
malam,22568
kenur,22570
resin,22573
nasab,22580
tepak,22583
rekto,22584
tapir,22584
sawab,22588
babur,22589
kutil,22591
taoke,22597
rejan,22598
enduk,22600
mamik,22604
kumus,22607
kupel,22607
tapui,22611
ilham,22614
kurma,22616
tanda,22616
latma,22618
rumah,22622
kepol,22623
empik,22624
radon,22625
tekad,22625
kiper,22629
reuni,22630
layam,22633
riset,22633
kolam,22639
satir,22642
impas,22645
tekah,22646
keroh,22647
kubra,22650
kucam,22655
kelom,22656
layar,22656
layan,22658
lawah,22663
layap,22663
kucur,22665
restu,22666
kelon,22670
kepot,22670
makam,22670
ingat,22672
empuk,22675
tarum,22680
nalar,22684
receh,22684
enyak,22685
untai,22686
ihram,22687
takuh,22693
engku,22699
telak,22700
telau,22706
kumur,22710
rusuh,22713
kermi,22716
kusuf,22723
rewak,22724
kumut,22733
sawan,22733
kebul,22735
kernu,22735
eosin,22738
kimah,22746
ripit,22746
ujana,22747
kayuh,22758
nasal,22758
ingar,22762
lawar,22762
nonol,22762
kidam,22767
lawan,22774
urian,22774
sakit,22784
rihat,22786
sayat,22788
layat,22792
kuota,22794
rubah,22795
kunut,22796
layas,22797
taiso,22797
tener,22798
tukuk,22798
kebur,22799
santa,22799
kelih,22802
usang,22803
kebut,22805
tekam,22806
kuren,22808
kuman,22811
nagam,22811
nonok,22812
kawih,22822
urban,22824
keluh,22829
kudap,22830
kuini,22833
kesot,22834
koran,22836
rewet,22838
sarit,22838
talen,22850
nasar,22853
ulang,22856
untal,22859
kueni,22864
keron,22865
kreol,22866
kelop,22868
teran,22870
kubah,22873
rukuh,22879
tarup,22880
sikak,22885
tanin,22890
redah,22891
sosoh,22892
terap,22893
abadi,22894
skala,22894
embah,22898
teral,22902
sikik,22905
taksi,22905
rawin,22906
kelos,22908
edisi,22909
retus,22916
situs,22917
khair,22919
kosar,22919
renta,22921
kempa,22922
lawat,22923
enjal,22925
resik,22927
sarik,22928
ranji,22932
lawas,22933
level,22933
rancu,22936
ruban,22939
koyok,22952
sawat,22955
sayak,22957
sajak,22958
kejam,22959
kanji,22961
kejan,22962
kepis,22964
tawaf,22967
kayun,22971
ihsan,22979
tasik,22980
kubus,22984
engah,22988
rutup,22988
kepil,22993
kerih,22999
rehal,23001
kibir,23002
racuh,23002
keruh,23003
layak,23008
usali,23011
kawin,23012
rajul,23017
regah,23017
tekan,23024
kepul,23025
kidal,23031
rumor,23032
natal,23036
kelim,23041
rukun,23041
kerop,23042
kelor,23049
kelun,23050
redam,23052
ladah,23056
emisi,23057
teras,23058
kubul,23060
papui,23060
lokal,23061
kepit,23062
kesup,23064
rehab,23078
rupee,23083
tekap,23083
rente,23086
kerja,23092
tabii,23094
redap,23095
taiko,23095
kusta,23101
kitri,23104
tepek,23105
sawar,23108
rimas,23110
parap,23112
recak,23114
teles,23114
enjak,23118
kubur,23118
rajim,23118
trama,23123
lawak,23130
kesip,23135
racun,23140
kejap,23145
koral,23145
lajat,23148
taris,23148
rajin,23150
ercis,23151
sadah,23153
kumal,23154
terem,23154
teler,23159
eling,23160
tukak,23162
kidar,23163
natar,23164
radif,23170
rawit,23175
ladam,23184
rafik,23188
pepas,23191
tasel,23191
elung,23194
randu,23201
kowek,23205
ladan,23205
regan,23210
sirus,23210
kupur,23212
idrak,23214
taruk,23216
takeh,23219
rusuk,23227
kerun,23228
takwa,23228
kagum,23233
saham,23233
kulum,23234
kelip,23235
kumat,23239
terak,23240
inses,23242
kuret,23247
kucai,23251
kista,23252
kejen,23256
emban,23258
kudai,23258
kafil,23263
terau,23265
kicau,23268
recet,23268
tarik,23268
kerot,23269
randi,23270
ketun,23276
remah,23282
kurir,23289
kesut,23292
rutuk,23295
tirai,23295
eolit,23299
regel,23299
komik,23309
renah,23309
kenaf,23311
kewes,23313
encal,23316
ribat,23318
takur,23318
kelus,23321
rangu,23321
remeh,23322
liana,23324
pepat,23327
kelis,23332
tiada,23334
rehat,23337
kandi,23340
tekar,23340
rajut,23341
takir,23341
lahad,23342
kotai,23344
sahap,23345
sahan,23346
imkan,23359
kedah,23360
tikai,23361
regen,23364
lajak,23367
kupui,23382
kejar,23387
kafir,23388
kejat,23388
kurun,23389
rebeh,23390
rebah,23392
kulub,23400
rajuk,23404
kitin,23408
sadap,23409
sauna,23410
tajam,23411
kerip,23413
kelir,23415
relap,23416
lacak,23419
ketip,23420
tadah,23421
kerup,23422
renal,23425
kulah,23427
kumai,23428
kulup,23435
regas,23435
tanpa,23438
kahin,23440
kelit,23442
laksa,23445
kibas,23448
kijai,23450
sabah,23454
ergot,23456
pepak,23457
kejai,23462
krans,23463
ketup,23468
urang,23469
regat,23480
rakyu,23484
teken,23488
kelut,23490
erong,23491
siaga,23492
samad,23497
sikai,23499
rubai,23503
uktab,23506
kirim,23507
kewer,23508
kilah,23509
tiaga,23510
kuilu,23521
kemah,23525
radio,23531
rambu,23533
ketis,23538
ketus,23538
lagam,23539
pepes,23541
keris,23544
risit,23545
kerul,23546
kusut,23554
kibar,23557
ketil,23558
racik,23558
reban,23558
risik,23569
kuang,23572
sawai,23577
reges,23586
rutab,23586
engas,23589
peper,23589
sagar,23589
kupas,23591
kaver,23595
kelui,23598
lagan,23604
embal,23608
insaf,23608
kecam,23610
kisah,23614
ragum,23616
ketul,23617
ragil,23617
endap,23618
rukam,23619
kedam,23620
kulur,23620
kusam,23620
relas,23620
suaka,23622
radin,23624
kutub,23630
kulan,23631
rahim,23632
tawan,23634
kerit,23636
lahan,23642
ering,23644
embat,23648
kambi,23655
kargo,23666
kerut,23667
kilir,23670
kirip,23671
kanon,23674
lahar,23674
kebah,23675
lahab,23675
teres,23676
tekel,23680
ketur,23682
sosok,23686
suara,23688
kapon,23691
kipas,23692
ruang,23692
sosor,23694
rahib,23695
lahap,23702
kilan,23705
pepet,23707
kulut,23709
kupat,23711
remas,23713
kurus,23714
kejer,23718
erbis,23720
reksa,23723
embar,23733
tawas,23737
kehel,23743
ragib,23745
kodok,23752
saban,23752
ironi,23758
kanto,23762
embak,23774
iodin,23788
saman,23790
rusak,23792
legal,23795
remak,23798
sadar,23804
takma,23804
sadak,23805
kuria,23806
kedap,23807
sadau,23817
kahwa,23818
elips,23822
rapuh,23823
salaf,23826
relau,23833
rebas,23834
riang,23835
imsak,23838
kecap,23841
kitir,23844
pepek,23851
tauke,23853
rigai,23856
kadim,23858
sanad,23859
endal,23860
ralip,23861
elusi,23863
relai,23875
repas,23875
lagak,23878
rebat,23880
larah,23890
ranum,23891
radis,23894
kocok,23898
kilap,23899
raden,23903
ragut,23903
rebes,23904
teker,23904
isbat,23913
remet,23919
kedal,23926
kiris,23927
kusal,23927
raguk,23930
taiga,23930
emang,23931
udara,23932
renes,23935
ramin,23938
usada,23938
remai,23941
kebam,23942
kenap,23944
rapun,23950
kacip,23956
rebak,23956
lapah,23962
sabat,23962
tawak,23973
telut,23973
loloh,23975
entok,23979
kadru,23983
istaz,23984
rebet,23991
lanar,23995
kiran,23996
laman,24001
resah,24008
empas,24013
lamar,24018
kitab,24021
renai,24024
usaha,24024
lahak,24026
ranti,24033
laram,24034
kepah,24039
lagau,24039
kaboi,24041
tajak,24046
erosi,24049
rebek,24054
risak,24057
kecar,24060
larap,24063
repes,24063
kenas,24068
tabia,24068
kaldu,24069
renek,24069
tagal,24069
kurap,24070
kenem,24073
kimia,24078
empal,24079
kenal,24079
ihsas,24086
kilas,24088
sagai,24090
kemas,24091
rabun,24094
takik,24096
rukuk,24097
tagan,24098
sabak,24102
tahap,24105
kasdu,24106
lapar,24107
kulat,24109
salah,24116
skuas,24122
takuk,24122
kemal,24124
kirab,24127
rebab,24129
sabar,24131
kedau,24140
etnis,24142
kilar,24142
repet,24145
kecai,24146
kilat,24146
tajau,24148
rades,24150
tahan,24156
kaget,24157
kedai,24158
kanti,24168
unjut,24170
kadut,24171
samak,24172
ramus,24173
resan,24176
laras,24179
larat,24179
resam,24179
empat,24180
nenda,24180
samar,24180
kaing,24182
klaim,24185
repek,24187
email,24189
kabin,24189
unduh,24192
kenan,24193
kirap,24194
tekak,24195
uncue,24196
labas,24202
unjuk,24202
risau,24204
empar,24211
kemat,24213
siapa,24216
kacir,24219
kuras,24227
rante,24229
kocek,24231
raung,24231
kebas,24233
kemam,24239
rapus,24244
koyak,24245
resap,24246
kadir,24254
unjur,24254
rinai,24255
islah,24261
kisat,24262
kamus,24270
rekah,24278
tuala,24280
kebal,24289
latah,24292
kanun,24294
kesah,24295
etnik,24296
kisar,24299
lasah,24304
kepam,24307
kobok,24308
salam,24308
kuaci,24309
kulai,24313
sadai,24324
sanat,24337
kolik,24340
tagar,24345
kilau,24346
sapat,24365
rapel,24370
entri,24373
itlak,24377
kamil,24382
iklan,24389
kebat,24389
kanya,24390
kitar,24392
tiket,24394
tagak,24397
kelah,24399
latam,24400
rabut,24400
tagut,24400
lolos,24403
larak,24404
sadis,24408
tahar,24413
empap,24414
kenes,24418
kiras,24418
rekal,24418
latar,24425
israf,24431
kalbi,24431
kamis,24431
kalbu,24433
labak,24434
resep,24437
rekam,24438
rekan,24442
keder,24443
kamit,24445
islam,24450
umput,24450
rabuk,24457
uanda,24462
labil,24463
saraf,24466
rabit,24469
sanak,24471
kopok,24476
rapik,24477
tahak,24486
kebab,24494
ulama,24496
kabus,24499
kalor,24499
kelua,24499
lapak,24507
taksa,24508
rasul,24515
rekap,24515
kecer,24523
tania,24526
taman,24528
larau,24535
kabul,24536
sapau,24536
lanau,24544
inyik,24545
kesan,24559
rames,24559
kurai,24566
kesam,24578
insar,24579
resak,24582
entot,24583
umpuk,24584
ranca,24612
latas,24613
retas,24615
lasat,24617
sinis,24617
sinse,24618
salat,24625
umara,24625
kades,24626
kabit,24630
roker,24630
kalih,24632
kabur,24636
ikram,24637
kirau,24637
kabut,24640
ikrab,24648
kebel,24657
kutut,24657
kerah,24662
tamam,24662
intan,24664
kepal,24666
kabir,24680
kapri,24680
umbul,24681
kelam,24682
entah,24685
reken,24699
kipai,24700
entit,24701
larai,24704
retak,24724
kasih,24730
eksin,24735
unjun,24740
kacer,24741
rasio,24741
kelab,24745
kader,24747
rabet,24747
salar,24750
kadet,24752
kepar,24757
ekspo,24758
umbut,24767
tamar,24769
tulat,24771
ketua,24776
tabal,24783
taban,24783
utama,24786
salak,24792
resek,24799
kuwuk,24801
tekek,24805
karst,24808
eltor,24810
kapur,24813
talah,24814
tanah,24814
rekat,24816
nyana,24818
kapis,24821
kubik,24834
lasak,24834
tamak,24844
ratib,24848
latak,24854
kapit,24857
kepai,24872
kedok,24873
ujung,24877
kasid,24888
istan,24891
kopek,24893
keran,24899
umbuk,24901
kaspe,24902
razia,24902
kesal,24910
kisas,24920
talam,24922
keram,24925
ketam,24934
letal,24935
ketan,24940
istal,24946
raksi,24953
injil,24956
karih,24957
randa,24958
tiara,24958
ratus,24959
rasuk,24968
label,24970
turut,24972
kasim,24978
tanam,24978
kelas,24981
lakar,24984
kanda,24988
kusau,24992
resor,24999
rekes,25003
koana,25007
undur,25008
ilusi,25016
insan,25016
lakab,25016
karun,25017
kabel,25028
rasem,25028
kalio,25031
ifrit,25038
kesat,25040
satak,25043
imbit,25049
saran,25049
katun,25054
satar,25054
retek,25064
sakap,25065
sapai,25080
kasti,25081
kelar,25089
sarap,25090
kalus,25091
kuart,25104
rakus,25105
kucek,25109
kutat,25115
kosek,25124
kuali,25124
kasip,25127
rakut,25129
kodak,25135
kelat,25137
eluat,25139
kerap,25140
kuasi,25144
lapel,25144
kotok,25148
tapal,25151
tabak,25157
kocak,25161
sakal,25162
tabut,25164
rafia,25166
ruaya,25166
babad,25167
tebat,25169
katib,25172
kepel,25172
ketap,25173
karim,25181
kilai,25191
incit,25202
ekrin,25203
kasur,25205
kasut,25208
kalis,25211
nunut,25211
erpah,25213
eksit,25219
keper,25220
inang,25221
taraf,25221
kalut,25234
rampa,25243
katup,25251
emrat,25260
keras,25261
kelai,25268
karib,25270
kepet,25272
sakat,25273
rakit,25280
kartu,25289
kesel,25290
rakis,25299
ketal,25300
sarat,25304
kurau,25305
kiani,25312
elang,25320
karti,25323
kuari,25327
keren,25336
korok,25336
talas,25339
nenek,25356
kapel,25374
totol,25385
ninik,25386
kisai,25392
reses,25392
kalem,25393
salai,25403
kamba,25404
katul,25405
keset,25409
kedik,25410
seksi,25410
impit,25412
kasir,25415
kerat,25415
nenes,25416
katil,25418
ketar,25423
kelep,25424
kolek,25429
kecik,25431
kalui,25438
keduk,25443
kuaya,25448
sakar,25455
imaji,25459
kasui,25460
karil,25462
entas,25464
kaper,25465
sarak,25475
talar,25480
uvula,25480
rekor,25482
tarah,25487
nener,25490
karut,25501
sikas,25507
baban,25509
kerau,25510
etika,25511
kusik,25528
idiom,25529
tapak,25529
katir,25543
kirai,25544
karya,25545
kemik,25546
kerai,25547
kasep,25555
ketai,25559
kampa,25560
sarau,25565
sersi,25569
kotek,25595
tanak,25598
keler,25606
rayah,25614
kafah,25628
taram,25635
talak,25639
kauli,25646
entar,25648
tentu,25649
tenat,25652
raket,25658
satai,25663
babas,25679
korek,25681
takah,25686
sains,25688
talut,25694
kobak,25697
ketes,25711
entak,25716
totok,25729
kasus,25736
kawah,25740
naung,25750
koala,25763
tepat,25765
tapai,25766
rayan,25790
kutik,25793
kaset,25799
tanau,25806
totem,25807
rayap,25810
retet,25813
kurik,25814
ketel,25815
babat,25825
erang,25826
kicik,25847
kuduk,25849
kafan,25856
tanai,25861
tasak,25870
utara,25870
babal,25873
kebuk,25873
indik,25897
rakuk,25903
tarap,25905
kopak,25907
keter,25917
telat,25917
rawan,25925
ekang,25944
papah,25952
idiot,25953
tutor,25962
kawan,25976
kanta,25982
karel,25982
tinta,25994
kagok,25999
kates,25999
kayan,26009
ikrar,26017
kahaf,26024
katel,26025
ratna,26029
samsu,26036
babak,26057
rajah,26065
kater,26148
karet,26153
tasai,26155
retur,26165
rakna,26169
siswa,26177
takal,26179
siswi,26181
kepik,26197
kelok,26202
unsur,26218
ketat,26220
kiasi,26224
rajam,26224
erpak,26237
kepuk,26239
mamat,26244
rawat,26244
lakak,26251
katut,26257
esais,26259
ilafi,26283
iblis,26289
maman,26294
papan,26298
rajab,26308
enceh,26325
tarak,26337
rawak,26343
kawal,26366
ketok,26399
rayau,26407
lafal,26409
karma,26411
rapor,26414
tepet,26416
nandu,26423
spasi,26424
kucak,26441
kerok,26459
takar,26463
kolak,26476
kawuk,26477
istri,26504
kawat,26504
kahan,26505
ingin,26507
susuh,26507
uskup,26547
mamak,26550
radah,26588
kesik,26594
luluh,26615
serse,26633
ubung,26634
rawai,26647
kotak,26651
takut,26653
untuk,26663
lolak,26667
kayau,26688
papas,26706
ibrit,26713
kelik,26715
racak,26744
kayai,26751
siksa,26755
keluk,26760
irama,26791
raksa,26825
papar,26856
lulur,26861
tekat,26863
susup,26871
lulum,26879
ibing,26898
ragam,26898
susun,26903
rahap,26908
lulup,26909
kacam,26910
tirta,26921
racau,26935
mamai,26936
intim,26948
ketik,26957
kasta,26972
rorod,26980
keruk,26984
kadam,27015
papak,27016
kubak,27030
kajai,27031
ketuk,27035
kahat,27049
imani,27052
kahar,27078
susul,27079
kuala,27082
radas,27087
ranah,27091
intip,27100
kuasa,27100
lulus,27109
karsa,27111
nanti,27119
ramah,27132
iprit,27156
lilin,27156
total,27173
rahat,27184
radak,27193
ramal,27193
ilahi,27195
lulut,27195
untun,27195
kappa,27199
kuluk,27201
kilik,27203
rapah,27218
stasi,27228
ragas,27238
kupak,27261
sesil,27271
eskas,27276
susut,27281
rahak,27286
rapal,27286
susah,27291
ranap,27314
encel,27329
kadal,27334
susuk,27349
ulung,27351
teret,27360
usung,27373
ralat,27384
kisik,27389
kapok,27397
kitik,27407
kadas,27408
susur,27447
luluk,27489
kapah,27490
raban,27503
lilit,27510
kadar,27513
kutuk,27515
kacuk,27519
rasia,27519
takak,27520
untut,27527
kanal,27540
kirik,27545
iklim,27563
radai,27565
kiara,27568
encer,27575
embel,27583
totau,27595
kecak,27615
kausa,27622
kacau,27630
intai,27661
kamal,27698
kanan,27700
encek,27715
testa,27720
kapan,27730
rapat,27734
kamas,27740
taptu,27750
ember,27761
kulak,27777
elite,27789
kamat,27818
rapak,27839
rabas,27840
embek,27841
kamar,27849
etana,27866
rabat,27867
eksak,27875
tanti,27914
kalah,27919
lilah,27924
titel,27935
samas,27965
ratah,27968
rabak,27987
kasah,27992
entre,28014
tutuh,28028
kabat,28050
lilan,28076
ramai,28077
kabar,28088
kedek,28122
rasam,28133
kutak,28139
tuter,28164
katok,28180
urung,28183
kapal,28184
kasad,28188
saksi,28199
ratap,28208
rapai,28215
kecek,28218
rakah,28226
kapas,28229
kalam,28250
katah,28261
titer,28261
eceng,28263
sesah,28267
tante,28268
kabau,28279
kacek,28296
kenek,28316
kapat,28332
kasam,28332
kapar,28337
iling,28344
empet,28352
kasab,28380
kapuk,28387
emper,28402
kokus,28410
sosis,28422
kalap,28448
rakap,28469
lulai,28533
kepak,28543
empek,28544
sesam,28587
eosen,28607
ialah,28619
kapai,28624
kalas,28634
karam,28637
tutup,28644
tamat,28695
kalar,28726
lilau,28750
kalat,28767
sisih,28799
tutul,28802
rakat,28806
tekte,28825
karap,28837
lelah,28847
titah,28847
sesap,28853
kuark,28855
kasar,28876
rasau,28886
kesak,28898
titip,28917
kokon,28976
erata,29003
kalau,29013
sesal,29013
kelak,29019
iring,29047
karas,29072
rasai,29080
kasau,29081
kalai,29106
tutur,29136
leleh,29141
kepek,29146
katar,29150
lelar,29157
karat,29180
lelap,29229
sesat,29243
titis,29251
tutuk,29272
kasai,29275
katuk,29281
katik,29308
sesak,29317
kesek,29330
titir,29343
titik,29359
sesar,29367
kerak,29372
lelas,29395
sisip,29397
ketak,29402
karau,29416
lelat,29447
sisal,29455
eluen,29474
katai,29480
seser,29523
kokol,29532
kokot,29540
leler,29585
koksa,29624
lelep,29675
rerot,29683
kelek,29694
leles,29803
lelai,29851
nenen,29858
sesai,29861
sisik,29875
titar,29915
tetra,29922
sisir,29943
lelet,29955
kerek,29966
ketek,30038
tatih,30107
katek,30127
suasa,30150
karar,30179
etape,30192
kikus,30197
taala,30220
kokah,30306
edema,30318
teteh,30554
enten,30653
tetap,30700
kawak,30773
tetal,30776
kayak,30791
elegi,30909
takat,30931
tetas,30954
kekol,30974
eksem,30995
kokoa,31098
nanah,31103
kukuh,31119
kagak,31123
advis,31146
tetar,31160
kokas,31164
kikih,31185
tetak,31298
eleng,31347
elemi,31369
kahak,31511
rurut,31531
apoge,31555
nanap,31567
agogo,31577
ayeng,31619
ester,31719
ririt,31723
radar,31726
eneng,31738
tetes,31828
kukup,31867
kacak,31977
teter,31980
nanas,31983
afsun,32003
ancol,32005
nanar,32063
kukus,32077
tetek,32098
ereng,32101
avtur,32135
amorf,32158
kukul,32187
kikil,32205
kukur,32295
ilian,32316
kikis,32323
kikir,32391
ajung,32416
acung,32459
amboi,32728
anode,32766
kabak,32807
ekses,32827
esens,33045
angot,33077
kapak,33175
asong,33283
afiks,33354
kekah,33380
kukai,33391
anomi,33449
kamka,33522
ampuh,33548
anyir,33569
reras,33613
audio,33659
anglo,33701
argol,33785
rerak,33811
apion,33849
argot,33853
kekam,33866
argon,33872
kekeh,33882
asyik,33925
anduh,33931
lalah,34001
apron,34013
ampun,34032
tutut,34096
ampul,34146
abece,34148
amput,34184
sasap,34191
katak,34237
antop,34264
apung,34290
ambet,34293
lalap,34307
titit,34327
ampel,34391
ampuk,34397
agung,34418
kekas,34436
kekal,34486
kakus,34491
ambin,34509
ambek,34525
ambur,34533
amung,34547
angel,34547
lalat,34551
kokok,34572
ampek,34656
ambil,34680
kekar,34684
kekat,34706
audit,34728
kekau,34768
abnus,34803
amino,34828
tatah,34835
antoi,34857
sasau,34861
sasak,34891
sasar,34905
kekep,34924
andil,34944
idiil,34961
lalak,34965
angit,34972
absen,34981
aerob,34982
apium,35014
album,35079
aplus,35111
lalau,35111
adres,35121
animo,35212
kekel,35220
askon,35253
asbut,35342
keker,35364
kikuk,35385
akson,35429
lalai,35437
asung,35564
tatap,35565
tatal,35633
alung,35689
atung,35905
albit,35958
aspek,35974
sasis,35979
antem,36012
anion,36014
angin,36021
aktor,36041
antep,36067
antih,36109
tatar,36153
kekok,36168
abses,36197
atowa,36267
arpus,36299
aling,36302
abrek,36318
april,36321
tatak,36325
antul,36340
akhir,36354
asing,36393
asbes,36453
amril,36456
adisi,36476
aprit,36482
arbei,36534
arung,36578
tatai,36581
alusi,36609
antuk,36616
aktif,36650
apkir,36663
antek,36702
antre,36807
absis,36847
ateis,36999
antri,37010
antik,37034
aster,37103
aksep,37239
auksi,37318
aksen,37330
antun,37408
kaksa,37409
avgas,37491
asket,37528
arsip,37690
alibi,37899
aries,37946
atlet,38019
kukuk,38079
kikik,38121
afdal,38154
artis,38167
akene,38318
akses,38751
aurum,38843
azmat,38853
alkil,38885
kakok,39087
aroma,39088
kakah,39267
aorta,39325
aksis,39363
arsis,39418
angsa,39427
ahwal,39497
amuba,39510
ameba,39577
abjad,39622
asiri,39677
arsir,39772
angka,39787
angga,39793
asese,40030
kakao,40055
raras,40152
apnea,40172
kakap,40189
rarak,40368
kakas,40579
anyam,40755
aswad,40758
adika,40799
rarai,40936
alwah,41004
amina,41200
asfal,41307
aruda,41351
ancam,41486
afiat,41502
anyar,41675
asfar,41783
acawi,41811
kekek,41922
abdas,41927
kakek,42087
arwah,42111
anjal,42126
ambah,42219
aulia,42278
aneka,42280
anjak,42430
arzak,42463
ahmak,42750
akwal,42899
arena,42911
awang,42945
andam,43046
ampas,43153
ambal,43211
ampat,43219
azali,43408
absah,43465
andal,43534
arcas,43561
ambak,43585
ampai,43597
areta,43643
ambar,43673
acang,43721
ajang,43758
ahkam,43926
andai,44106
abuan,44457
afair,44724
amsal,44748
albas,44851
adnan,44856
asnad,44889
aspal,44900
atman,44948
ajaib,44972
antah,45100
asbak,45213
andan,45220
abtar,45259
abian,45377
angan,45391
autad,45407
adang,45559
antap,45572
agami,45738
abras,45749
anual,46129
akmal,46192
abrak,46227
ansar,46337
atlas,46529
akbar,46566
abang,46575
antar,46658
altar,46875
amang,46938
arnal,46994
arbab,46998
adati,47093
adaks,47499
aural,47500
aruan,47652
alias,47769
aurat,47808
antan,47854
areal,47966
askar,48071
akrab,48129
abrar,48321
alang,48715
apati,48764
kakak,49041
arasy,49352
alami,49535
akang,49687
arang,50026
alarm,50107
asrar,50199
atase,50551
asali,50735
anang,51621
acala,52725
agama,53154
acara,53901
asasi,54285
abaka,57699
asana,58593
